player,country,world_cup,ballon_dor_points,kopa_points,yashin_points,uefa_defender_points,total_points
Lionel Messi,Argentina,WC-2010,1009,0,0,0,1009
Cristiano Ronaldo,Portugal,WC-2010,956,0,0,0,956
Kaká,Brazil,WC-2010,532,0,0,0,532
Xavi,Spain,WC-2010,267,0,0,0,267
Fernando Torres,Spain,WC-2010,201,0,0,0,201
Andrés Iniesta,Spain,WC-2010,149,0,0,0,149
Didier Drogba,Ivory Coast,WC-2010,144,0,0,0,144
Iker Casillas,Spain,WC-2010,136,0,0,0,136
Zlatan Ibrahimović,Sweden,WC-2010,111,0,0,0,111
Samuel Eto'o,Cameroon,WC-2010,81,0,0,0,81
Steven Gerrard,England,WC-2010,77,0,0,0,77
Andrey Arshavin,Russia,WC-2010,69,0,0,0,69
David Villa,Spain,WC-2010,57,0,0,0,57
Wayne Rooney,England,WC-2010,50,0,0,0,50
Andrea Pirlo,Italy,WC-2010,41,0,0,0,41
Cesc Fàbregas,Spain,WC-2010,40,0,0,0,40
Ruud van Nistelrooy,Netherlands,WC-2010,39,0,0,0,39
Robinho,Brazil,WC-2010,24,0,0,0,24
Francesco Totti,Italy,WC-2010,20,0,0,0,20
Frédéric Kanouté,Mali,WC-2010,19,0,0,0,19
Franck Ribéry,France,WC-2010,18,0,0,0,18
Ronaldinho,Brazil,WC-2010,18,0,0,0,18
Marcos Senna,Spain,WC-2010,16,0,0,0,16
Juan Román Riquelme,Argentina,WC-2010,15,0,0,0,15
Dani Alves,Brazil,WC-2010,14,0,0,0,14
Edin Džeko,Bosnia and Herzegovina,WC-2010,12,0,0,0,12
Emmanuel Adebayor,Togo,WC-2010,12,0,0,0,12
Filippo Inzaghi,Italy,WC-2010,12,0,0,0,12
Gianluigi Buffon,Italy,WC-2010,12,0,0,0,12
Ryan Giggs,Wales,WC-2010,11,0,0,0,11
Sergio Agüero,Argentina,WC-2010,10,0,0,0,10
Thierry Henry,France,WC-2010,9,0,0,0,9
Frank Lampard,England,WC-2010,8,0,0,0,8
Luís Fabiano,Brazil,WC-2010,8,0,0,0,8
Paolo Maldini,Italy,WC-2010,8,0,0,0,8
Diego Forlán,Uruguay,WC-2010,7,0,0,0,7
Yoann Gourcuff,France,WC-2010,6,0,0,0,6
Fabio Cannavaro,Italy,WC-2010,5,0,0,0,5
Maicon,Brazil,WC-2010,4,0,0,0,4
Michael Ballack,Germany,WC-2010,4,0,0,0,4
Diego,Brazil,WC-2010,3,0,0,0,3
Edwin van der Sar,Netherlands,WC-2010,2,0,0,0,2
Younis Mahmoud,Iraq,WC-2010,2,0,0,0,2
Guillermo Ochoa,Mexico,WC-2010,1,0,0,0,1
Eric Abidal,France,WC-2010,0,0,0,0,0
Karim Benzema,France,WC-2010,0,0,0,0,0
Cristiano Ronaldo,Portugal,WC-2014,1410.28,0,0,0,1410.28
Lionel Messi,Argentina,WC-2014,1294.48,0,0,0,1294.48
Franck Ribéry,France,WC-2014,1127,0,0,0,1127
Zlatan Ibrahimović,Sweden,WC-2014,258.24,0,0,0,258.24
Neymar,Brazil,WC-2014,156.73,0,0,0,156.73
Andrés Iniesta,Spain,WC-2014,119.92,0,0,0,119.92
Robin van Persie,Netherlands,WC-2014,89.45,0,0,0,89.45
Arjen Robben,Netherlands,WC-2014,85,0,0,0,85
Andrea Pirlo,Italy,WC-2014,72.66,0,0,0,72.66
Gareth Bale,Wales,WC-2014,65,0,0,0,65
Radamel Falcao,Colombia,WC-2014,56.67,0,0,0,56.67
Xavi,Spain,WC-2014,53.31,0,0,0,53.31
Yaya Touré,Ivory Coast,WC-2014,48.76,0,0,0,48.76
Robert Lewandowski,Poland,WC-2014,43,0,0,0,43
Philipp Lahm,Germany,WC-2014,40,0,0,0,40
Mesut Özil,Germany,WC-2014,36.17,0,0,0,36.17
Thomas Müller,Germany,WC-2014,21.64,0,0,0,21.64
Bastian Schweinsteiger,Germany,WC-2014,21.5,0,0,0,21.5
Luis Suárez,Uruguay,WC-2014,20.48,0,0,0,20.48
Edinson Cavani,Uruguay,WC-2014,12,0,0,0,12
Thiago Silva,Brazil,WC-2014,12,0,0,0,12
Eden Hazard,Belgium,WC-2014,8,0,0,0,8
Iker Casillas,Spain,WC-2014,4.47,0,0,0,4.47
Manuel Neuer,Germany,WC-2014,4.21,0,0,0,4.21
Wayne Rooney,England,WC-2014,2.7,0,0,0,2.7
Didier Drogba,Ivory Coast,WC-2014,2.6,0,0,0,2.6
Xabi Alonso,Spain,WC-2014,1.57,0,0,0,1.57
Diego Forlán,Uruguay,WC-2014,1.43,0,0,0,1.43
Samuel Eto'o,Cameroon,WC-2014,1.34,0,0,0,1.34
Sergio Agüero,Argentina,WC-2014,0.78,0,0,0,0.78
Wesley Sneijder,Netherlands,WC-2014,0.72,0,0,0,0.72
David Villa,Spain,WC-2014,0.53,0,0,0,0.53
Karim Benzema,France,WC-2014,0.45,0,0,0,0.45
Eric Abidal,France,WC-2014,0.36,0,0,0,0.36
Gianluigi Buffon,Italy,WC-2014,0.35,0,0,0,0.35
Dani Alves,Brazil,WC-2014,0.34,0,0,0,0.34
Gerard Piqué,Spain,WC-2014,0.33,0,0,0,0.33
Cesc Fàbregas,Spain,WC-2014,0.29,0,0,0,0.29
Nani,Portugal,WC-2014,0.26,0,0,0,0.26
Sergio Ramos,Spain,WC-2014,0.22,0,0,0,0.22
Sergio Busquets,Spain,WC-2014,0.2,0,0,0,0.2
Mario Balotelli,Italy,WC-2014,0.07,0,0,0,0.07
Cristiano Ronaldo,Portugal,WC-2018,1718.76,0,0,0,1718.76
Lionel Messi,Argentina,WC-2018,1027.33,0,0,0,1027.33
Neymar,Brazil,WC-2018,436.86,0,0,0,436.86
Sergio Ramos,Spain,WC-2018,71,0,0,206,277
Gianluigi Buffon,Italy,WC-2018,229,0,0,0,229
Antoine Griezmann,France,WC-2018,215,0,0,0,215
Leonardo Bonucci,Italy,WC-2018,0,0,0,150,150
Marcelo,Brazil,WC-2018,21,0,0,109,130
Luis Suárez,Uruguay,WC-2018,121.38,0,0,0,121.38
Luka Modrić,Croatia,WC-2018,84,0,0,0,84
Giorgio Chiellini,Italy,WC-2018,0,0,0,71,71
Gareth Bale,Wales,WC-2018,60.65,0,0,0,60.65
Robert Lewandowski,Poland,WC-2018,52.17,0,0,0,52.17
Dani Alves,Brazil,WC-2018,0,0,0,50,50
Kylian Mbappé,France,WC-2018,48,0,0,0,48
N'Golo Kanté,France,WC-2018,47,0,0,0,47
Harry Kane,England,WC-2018,36,0,0,0,36
Edinson Cavani,Uruguay,WC-2018,32,0,0,0,32
Isco,Spain,WC-2018,28,0,0,0,28
Kevin De Bruyne,Belgium,WC-2018,25.47,0,0,0,25.47
Paulo Dybala,Argentina,WC-2018,23,0,0,0,23
Toni Kroos,Germany,WC-2018,21.29,0,0,0,21.29
Pierre-Emerick Aubameyang,Gabon,WC-2018,21,0,0,0,21
Riyad Mahrez,Algeria,WC-2018,20,0,0,0,20
Eden Hazard,Belgium,WC-2018,17.33,0,0,0,17.33
Diego Godín,Uruguay,WC-2018,0,0,0,16,16
David de Gea,Spain,WC-2018,15,0,0,0,15
Philipp Lahm,Germany,WC-2018,0,0,0,14,14
Dani Carvajal,Spain,WC-2018,0,0,0,13,13
Gerard Piqué,Spain,WC-2018,0,0,0,12,12
Jamie Vardy,England,WC-2018,11,0,0,0,11
Sadio Mané,Senegal,WC-2018,10,0,0,0,10
Benjamin Mendy,France,WC-2018,0,0,0,9,9
Radamel Falcao,Colombia,WC-2018,9,0,0,0,9
Karim Benzema,France,WC-2018,7.4,0,0,0,7.4
Zlatan Ibrahimović,Sweden,WC-2018,6.13,0,0,0,6.13
Rui Patrício,Portugal,WC-2018,6,0,0,0,6
Paul Pogba,France,WC-2018,4.72,0,0,0,4.72
Jan Oblak,Slovenia,WC-2018,4,0,0,0,4
Mats Hummels,Germany,WC-2018,3,0,0,0,3
Thomas Müller,Germany,WC-2018,2.21,0,0,0,2.21
Edin Džeko,Bosnia and Herzegovina,WC-2018,2,0,0,0,2
Manuel Neuer,Germany,WC-2018,1.97,0,0,0,1.97
Andrés Iniesta,Spain,WC-2018,1.24,0,0,0,1.24
Alexis Sánchez,Chile,WC-2018,1.18,0,0,0,1.18
Yaya Touré,Ivory Coast,WC-2018,0.89,0,0,0,0.89
Sergio Agüero,Argentina,WC-2018,0.86,0,0,0,0.86
Javier Mascherano,Argentina,WC-2018,0.79,0,0,0,0.79
Arturo Vidal,Chile,WC-2018,0.58,0,0,0,0.58
James Rodríguez,Colombia,WC-2018,0.45,0,0,0,0.45
Arjen Robben,Netherlands,WC-2018,0.29,0,0,0,0.29
Ivan Rakitić,Croatia,WC-2018,0.05,0,0,0,0.05
Philippe Coutinho,Brazil,WC-2018,0,0,0,0,0
Lionel Messi,Argentina,WC-2022,1299,0,0,0,1299
Virgil van Dijk,Netherlands,WC-2022,679,0,0,428,1107
Alisson,Brazil,WC-2022,67,0,795,0,862
Cristiano Ronaldo,Portugal,WC-2022,654,0,0,0,654
Gianluigi Donnarumma,Italy,WC-2022,36,0,594,0,630
Robert Lewandowski,Poland,WC-2022,624,0,0,0,624
Jorginho,Italy,WC-2022,460,0,0,0,460
Édouard Mendy,Senegal,WC-2022,0,0,404,0,404
Sadio Mané,Senegal,WC-2022,347,0,0,0,347
Mohamed Salah,Egypt,WC-2022,299,0,0,0,299
Jan Oblak,Slovenia,WC-2022,0,0,286,0,286
Marc-André ter Stegen,Germany,WC-2022,0,0,284,0,284
Matthijs de Ligt,Netherlands,WC-2022,13,58,0,213,284
Karim Benzema,France,WC-2022,240,0,0,0,240
Ederson,Brazil,WC-2022,0,0,235,0,235
Rúben Dias,Portugal,WC-2022,0,0,0,217,217
N'Golo Kanté,France,WC-2022,186,0,0,0,186
Joshua Kimmich,Germany,WC-2022,0,0,0,161,161
Kylian Mbappé,France,WC-2022,147,0,0,0,147
Manuel Neuer,Germany,WC-2022,0,0,143,0,143
Alphonso Davies,Canada,WC-2022,0,0,0,138,138
David Alaba,Austria,WC-2022,0,0,0,133,133
César Azpilicueta,Spain,WC-2022,0,0,0,115,115
Thiago Silva,Brazil,WC-2022,0,0,0,113,113
Marquinhos,Brazil,WC-2022,0,0,0,99,99
Pedri,Spain,WC-2022,3,89,0,0,92
Emiliano Martínez,Argentina,WC-2022,0,0,90,0,90
Kevin De Bruyne,Belgium,WC-2022,87,0,0,0,87
Hugo Lloris,France,WC-2022,3,0,80,0,83
Antonio Rüdiger,Germany,WC-2022,0,0,0,78,78
Kasper Schmeichel,Denmark,WC-2022,0,0,76,0,76
Jadon Sancho,England,WC-2022,0,49,0,0,49
Trent Alexander-Arnold,England,WC-2022,8,0,0,39,47
Dayot Upamecano,France,WC-2022,0,0,0,46,46
André Onana,Cameroon,WC-2022,0,0,41,0,41
Bernardo Silva,Portugal,WC-2022,41,0,0,0,41
João Félix,Portugal,WC-2022,0,41,0,0,41
Raheem Sterling,England,WC-2022,40,0,0,0,40
Sergio Ramos,Spain,WC-2022,0,0,0,40,40
Jude Bellingham,England,WC-2022,0,39,0,0,39
Jamal Musiala,Germany,WC-2022,0,38,0,0,38
Kyle Walker,England,WC-2022,0,0,0,35,35
Erling Haaland,Norway,WC-2022,33,0,0,0,33
Riyad Mahrez,Algeria,WC-2022,33,0,0,0,33
Leonardo Bonucci,Italy,WC-2022,18,0,0,14,32
Frenkie de Jong,Netherlands,WC-2022,31,0,0,0,31
Kepa Arrizabalaga,Spain,WC-2022,0,0,29,0,29
Thibaut Courtois,Belgium,WC-2022,0,0,29,0,29
Giorgio Chiellini,Italy,WC-2022,0,0,0,26,26
Romelu Lukaku,Belgium,WC-2022,26,0,0,0,26
Eden Hazard,Belgium,WC-2022,25,0,0,0,25
Wojciech Szczęsny,Poland,WC-2022,0,0,24,0,24
Nuno Mendes,Portugal,WC-2022,0,23,0,0,23
Vinícius Júnior,Brazil,WC-2022,0,17,0,0,17
Andrew Robertson,Scotland,WC-2022,0,0,0,16,16
John Stones,England,WC-2022,0,0,0,15,15
Mason Greenwood,England,WC-2022,0,15,0,0,15
Gerard Piqué,Spain,WC-2022,0,0,0,14,14
Samir Handanović,Slovenia,WC-2022,0,0,14,0,14
Jan Vertonghen,Belgium,WC-2022,0,0,0,12,12
Sergio Agüero,Argentina,WC-2022,12,0,0,0,12
Roberto Firmino,Brazil,WC-2022,11,0,0,0,11
Andriy Lunin,Ukraine,WC-2022,0,9,0,0,9
Antoine Griezmann,France,WC-2022,9,0,0,0,9
Neymar,Brazil,WC-2022,9,0,0,0,9
Bukayo Saka,England,WC-2022,0,8,0,0,8
Florian Wirtz,Germany,WC-2022,0,8,0,0,8
Luis Suárez,Uruguay,WC-2022,8,0,0,0,8
Kalidou Koulibaly,Senegal,WC-2022,2,0,0,5,7
Mason Mount,England,WC-2022,7,0,0,0,7
Bruno Fernandes,Portugal,WC-2022,6,0,0,0,6
Matteo Guendouzi,France,WC-2022,0,5,0,0,5
Pierre-Emerick Aubameyang,Gabon,WC-2022,5,0,0,0,5
Toby Alderweireld,Belgium,WC-2022,0,0,0,5,5
Harry Kane,England,WC-2022,4,0,0,0,4
Son Heung-min,South Korea,WC-2022,4,0,0,0,4
Moise Kean,Italy,WC-2022,0,3,0,0,3
Ryan Gravenberch,Netherlands,WC-2022,0,3,0,0,3
Phil Foden,England,WC-2022,2,0,0,0,2
Gerard Moreno,Spain,WC-2022,1,0,0,0,1
Giovanni Reyna,United States,WC-2022,0,1,0,0,1
Samuel Chukwueze,Nigeria,WC-2022,0,1,0,0,1
Luka Modrić,Croatia,WC-2022,0,0,0,0,0
Lamine Yamal,Spain,WC-2026,1442,237,0,0,1679
Ousmane Dembélé,France,WC-2026,1380,0,0,0,1380
Vinícius Júnior,Brazil,WC-2026,1229,0,0,0,1229
Rodri,Spain,WC-2026,1227,0,0,0,1227
Kylian Mbappé,France,WC-2026,1068,0,0,0,1068
Jude Bellingham,England,WC-2026,943,90,0,0,1033
Erling Haaland,Norway,WC-2026,807,0,0,0,807
Gianluigi Donnarumma,Italy,WC-2026,172,0,544,0,716
Vitinha,Portugal,WC-2026,708,0,0,0,708
Mohamed Salah,Egypt,WC-2026,670,0,0,0,670
Raphinha,Brazil,WC-2026,620,0,0,0,620
Emiliano Martínez,Argentina,WC-2026,35,0,573,0,608
Dani Carvajal,Spain,WC-2026,550,0,0,0,550
Achraf Hakimi,Morocco,WC-2026,484,0,0,0,484
Lionel Messi,Argentina,WC-2026,462,0,0,0,462
Lautaro Martínez,Argentina,WC-2026,443,0,0,0,443
Harry Kane,England,WC-2026,317,0,0,0,317
Toni Kroos,Germany,WC-2026,291,0,0,0,291
Cole Palmer,England,WC-2026,218,0,0,0,218
Unai Simón,Spain,WC-2026,0,0,213,0,213
Yassine Bounou,Morocco,WC-2026,10,0,202,0,212
Ederson,Brazil,WC-2026,0,0,197,0,197
Nuno Mendes,Portugal,WC-2026,171,0,0,0,171
Yann Sommer,Switzerland,WC-2026,0,0,163,0,163
Pedri,Spain,WC-2026,124,33,0,0,157
Phil Foden,England,WC-2026,157,0,0,0,157
Thibaut Courtois,Belgium,WC-2026,0,0,150,0,150
Désiré Doué,France,WC-2026,74,72,0,0,146
Khvicha Kvaratskhelia,Georgia,WC-2026,129,0,0,0,129
Alisson,Brazil,WC-2026,0,0,120,0,120
Andriy Lunin,Ukraine,WC-2026,0,0,112,0,112
Florian Wirtz,Germany,WC-2026,106,0,0,0,106
Kevin De Bruyne,Belgium,WC-2026,100,0,0,0,100
Dani Olmo,Spain,WC-2026,86,0,0,0,86
Ademola Lookman,Nigeria,WC-2026,82,0,0,0,82
Nico Williams,Spain,WC-2026,73,0,0,0,73
João Neves,Portugal,WC-2026,40,23,0,0,63
Robert Lewandowski,Poland,WC-2026,61,0,0,0,61
Granit Xhaka,Switzerland,WC-2026,60,0,0,0,60
Federico Valverde,Uruguay,WC-2026,58,0,0,0,58
Mike Maignan,France,WC-2026,0,0,57,0,57
Viktor Gyökeres,Sweden,WC-2026,56,0,0,0,56
Giorgi Mamardashvili,Georgia,WC-2026,0,0,50,0,50
Marc-André ter Stegen,Germany,WC-2026,0,0,47,0,47
André Onana,Cameroon,WC-2026,2,0,44,0,46
Scott McTominay,Scotland,WC-2026,45,0,0,0,45
Jamal Musiala,Germany,WC-2026,0,42,0,0,42
David Raya,Spain,WC-2026,0,0,31,0,31
Jan Oblak,Slovenia,WC-2026,0,0,31,0,31
Eduardo Camavinga,France,WC-2026,0,29,0,0,29
Diogo Costa,Portugal,WC-2026,0,0,28,0,28
Julián Álvarez,Argentina,WC-2026,28,0,0,0,28
Ronwen Williams,South Africa,WC-2026,0,0,27,0,27
Arda Güler,Turkey,WC-2026,0,26,0,0,26
Serhou Guirassy,Guinea,WC-2026,25,0,0,0,25
Victor Osimhen,Nigeria,WC-2026,24,0,0,0,24
Alexis Mac Allister,Argentina,WC-2026,21,0,0,0,21
Bernardo Silva,Portugal,WC-2026,20,0,0,0,20
Denzel Dumfries,Netherlands,WC-2026,20,0,0,0,20
Fabián Ruiz,Spain,WC-2026,20,0,0,0,20
Gavi,Spain,WC-2026,0,20,0,0,20
Gregor Kobel,Switzerland,WC-2026,0,0,20,0,20
Kobbie Mainoo,England,WC-2026,0,20,0,0,20
Luka Modrić,Croatia,WC-2026,19,0,0,0,19
Savinho,Brazil,WC-2026,0,19,0,0,19
Declan Rice,England,WC-2026,18,0,0,0,18
Martin Ødegaard,Norway,WC-2026,16,0,0,0,16
Bukayo Saka,England,WC-2026,15,0,0,0,15
Hakan Çalhanoğlu,Turkey,WC-2026,15,0,0,0,15
Antonio Rüdiger,Germany,WC-2026,13,0,0,0,13
Pau Cubarsí,Spain,WC-2026,0,11,0,0,11
Dominik Livaković,Croatia,WC-2026,0,0,9,0,9
Estêvão,Brazil,WC-2026,0,9,0,0,9
Rúben Dias,Portugal,WC-2026,8,0,0,0,8
William Saliba,France,WC-2026,8,0,0,0,8
İlkay Gündoğan,Germany,WC-2026,8,0,0,0,8
Virgil van Dijk,Netherlands,WC-2026,7,0,0,0,7
Alejandro Garnacho,Argentina,WC-2026,0,6,0,0,6
Karim Benzema,France,WC-2026,6,0,0,0,6
Kenan Yıldız,Turkey,WC-2026,0,6,0,0,6
Aaron Ramsdale,England,WC-2026,0,0,5,0,5
Dean Huijsen,Spain,WC-2026,0,5,0,0,5
Lucas Chevalier,France,WC-2026,0,0,5,0,5
Alejandro Balde,Spain,WC-2026,0,4,0,0,4
Antoine Griezmann,France,WC-2026,4,0,0,0,4
Matz Sels,Belgium,WC-2026,0,0,4,0,4
Michael Olise,France,WC-2026,4,0,0,0,4
Xavi Simons,Netherlands,WC-2026,0,4,0,0,4
António Silva,Portugal,WC-2026,0,3,0,0,3
Karim Konaté,Ivory Coast,WC-2026,0,3,0,0,3
Kim Min-jae,South Korea,WC-2026,3,0,0,0,3
Álex Grimaldo,Spain,WC-2026,2,0,0,0,2
Joško Gvardiol,Croatia,WC-2026,1,0,0,0,1
Rodrigo Mora,Portugal,WC-2026,0,1,0,0,1
Artem Dovbyk,Ukraine,WC-2026,0,0,0,0,0
Ayyoub Bouaddi,France,WC-2026,0,0,0,0,0
Brice Samba,France,WC-2026,0,0,0,0,0
Nicolò Barella,Italy,WC-2026,0,0,0,0,0
Randal Kolo Muani,France,WC-2026,0,0,0,0,0
Rasmus Højlund,Denmark,WC-2026,0,0,0,0,0
