tournament_id,team_id,team_name,team_code,manager_id,manager_name_worldcup,nft_team_name,coach_name_nft,coach_url_nft,coach_team_matches_before_wc,coach_team_matches_source,coach_team_matches_cutoff_date
WC-2010,T-01,Algeria,DZA,M-366,Rabah Saâdane,Algeria,"Saâdane, Rabah",https://www.national-football-teams.com/coach/53653/Rabah_Saadane.html,28,National Football Teams coach match logs,2010-06-11
WC-2010,T-03,Argentina,ARG,M-241,Diego Maradona,Argentina,"Maradona, Diego",https://www.national-football-teams.com/coach/14124/Diego_Maradona.html,19,National Football Teams coach match logs,2010-06-11
WC-2010,T-04,Australia,AUS,M-448,Pim Verbeek,Australia,"Verbeek, Pim",https://www.national-football-teams.com/coach/55216/Pim_Verbeek.html,30,National Football Teams coach match logs,2010-06-11
WC-2010,T-09,Brazil,BRA,M-108,Dunga,Brazil,"Dunga,",https://www.national-football-teams.com/coach/13640/Dunga.html,54,National Football Teams coach match logs,2010-06-11
WC-2010,T-11,Cameroon,CMR,M-218,Paul Le Guen,Cameroon,"Le Guen, Paul",https://www.national-football-teams.com/coach/14258/Paul_Le_Guen.html,15,National Football Teams coach match logs,2010-06-11
WC-2010,T-13,Chile,CHL,M-043,Marcelo Bielsa,Chile,"Bielsa, Marcelo",https://www.national-football-teams.com/coach/54589/Marcelo_Bielsa.html,42,National Football Teams coach match logs,2010-06-11
WC-2010,T-22,Denmark,DNK,M-299,Morten Olsen,Denmark,"Olsen, Morten",https://www.national-football-teams.com/coach/19455/Morten_Olsen.html,117,National Football Teams coach match logs,2010-06-11
WC-2010,T-28,England,ENG,M-071,Fabio Capello,England,"Capello, Fabio",https://www.national-football-teams.com/coach/17367/Fabio_Capello.html,24,National Football Teams coach match logs,2010-06-11
WC-2010,T-30,France,FRA,M-105,Raymond Domenech,France,"Domenech, Raymond",https://www.national-football-teams.com/coach/18904/Raymond_Domenech.html,75,National Football Teams coach match logs,2010-06-11
WC-2010,T-31,Germany,DEU,M-234,Joachim Löw,Germany,"Löw, Joachim",https://www.national-football-teams.com/coach/53246/Joachim_Low.html,49,National Football Teams coach match logs,2010-06-11
WC-2010,T-32,Ghana,GHA,M-342,Milovan Rajevac,Ghana,"Rajevac, Milovan",https://www.national-football-teams.com/coach/54582/Milovan_Rajevac.html,26,National Football Teams coach match logs,2010-06-11
WC-2010,T-33,Greece,GRC,M-351,Otto Rehhagel,Greece,"Rehhagel, Otto",https://www.national-football-teams.com/coach/53482/Otto_Rehhagel.html,102,National Football Teams coach match logs,2010-06-11
WC-2010,T-35,Honduras,HND,M-363,Reinaldo Rueda,Honduras,"Rueda, Reinaldo",https://www.national-football-teams.com/coach/53245/Reinaldo_Rueda.html,58,National Football Teams coach match logs,2010-06-11
WC-2010,T-41,Italy,ITA,M-225,Marcello Lippi,Italy,"Lippi, Marcello",https://www.national-football-teams.com/coach/55319/Marcello_Lippi.html,24,National Football Teams coach match logs,2010-06-11
WC-2010,T-42,Ivory Coast,CIV,M-118,Sven-Göran Eriksson,Ivory Coast,"Eriksson, Sven-Göran",https://www.national-football-teams.com/coach/53510/Sven_Goran_Eriksson.html,2,National Football Teams coach match logs,2010-06-11
WC-2010,T-44,Japan,JPN,M-293,Takeshi Okada,Japan,"Okada, Takeshi",https://www.national-football-teams.com/coach/20862/Takeshi_Okada.html,46,National Football Teams coach match logs,2010-06-11
WC-2010,T-46,Mexico,MEX,M-006,Javier Aguirre,Mexico,"Aguirre, Javier",https://www.national-football-teams.com/coach/17322/Javier_Aguirre.html,28,National Football Teams coach match logs,2010-06-11
WC-2010,T-48,Netherlands,NLD,M-446,Bert van Marwijk,Netherlands,"van Marwijk, Bert",https://www.national-football-teams.com/coach/20441/Bert_Van_Marwijk.html,21,National Football Teams coach match logs,2010-06-11
WC-2010,T-49,New Zealand,NZL,M-162,Ricki Herbert,New Zealand,"Herbert, Ricki",https://www.national-football-teams.com/coach/37223/Ricki_Herbert.html,32,National Football Teams coach match logs,2010-06-11
WC-2010,T-50,Nigeria,NGA,M-212,Lars Lagerbäck,Nigeria,"Lagerbäck, Lars",https://www.national-football-teams.com/coach/53279/Lars_Lagerback.html,4,National Football Teams coach match logs,2010-06-11
WC-2010,T-51,North Korea,PRK,M-199,Jong-hun Kim,North Korea,"Kim, Jong-Hun",https://www.national-football-teams.com/coach/53622/Jong_Hun_Kim.html,41,National Football Teams coach match logs,2010-06-11
WC-2010,T-55,Paraguay,PRY,M-244,Gerardo Martino,Paraguay,"Martino, Gerardo",https://www.national-football-teams.com/coach/21876/Gerardo_Martino.html,47,National Football Teams coach match logs,2010-06-11
WC-2010,T-58,Portugal,PRT,M-339,Carlos Queiroz,Portugal,"Queiroz, Carlos",https://www.national-football-teams.com/coach/53096/Carlos_Queiroz.html,22,National Football Teams coach match logs,2010-06-11
WC-2010,T-66,Serbia,SRB,M-016,Radomir Antić,Serbia,"Antić, Radomir",https://www.national-football-teams.com/coach/25958/Radomir_Antic.html,21,National Football Teams coach match logs,2010-06-11
WC-2010,T-68,Slovakia,SVK,M-465,Vladimír Weiss,Slovakia,"Weiss, Vladimír",https://www.national-football-teams.com/coach/18067/Vladimir_Weiss.html,21,National Football Teams coach match logs,2010-06-11
WC-2010,T-69,Slovenia,SVN,M-194,Matjaž Kek,Slovenia,"Kek, Matjaž",https://www.national-football-teams.com/coach/26317/Matjaz_Kek.html,32,National Football Teams coach match logs,2010-06-11
WC-2010,T-70,South Africa,ZAF,M-311,Carlos Alberto Parreira,South Africa,"Parreira, Carlos Alberto",https://www.national-football-teams.com/coach/53498/Carlos_Alberto_Parreira.html,34,National Football Teams coach match logs,2010-06-11
WC-2010,T-71,South Korea,KOR,M-177,Jung-moo Huh,South Korea,"Huh, Jung-Moo",https://www.national-football-teams.com/coach/20884/Jung_Moo_Huh.html,41,National Football Teams coach match logs,2010-06-11
WC-2010,T-73,Spain,ESP,M-094,Vicente del Bosque,Spain,"del Bosque, Vicente",https://www.national-football-teams.com/coach/18325/Vicente_Del_Bosque.html,26,National Football Teams coach match logs,2010-06-11
WC-2010,T-75,Switzerland,CHE,M-170,Ottmar Hitzfeld,Switzerland,"Hitzfeld, Ottmar",https://www.national-football-teams.com/coach/53244/Ottmar_Hitzfeld.html,18,National Football Teams coach match logs,2010-06-11
WC-2010,T-83,United States,USA,M-058,Bob Bradley,USA,"Bradley, Bob",https://www.national-football-teams.com/coach/53177/Bob_Bradley.html,62,National Football Teams coach match logs,2010-06-11
WC-2010,T-84,Uruguay,URY,M-419,Óscar Tabárez,Uruguay,"Tabárez, Óscar",https://www.national-football-teams.com/coach/52913/Oscar_Tabarez.html,49,National Football Teams coach match logs,2010-06-11
WC-2014,T-01,Algeria,DZA,M-152,Vahid Halilhodžić,Algeria,"Halilhodžić, Vahid",https://www.national-football-teams.com/coach/20020/Vahid_Halilhodzic.html,28,National Football Teams coach match logs,2014-06-12
WC-2014,T-03,Argentina,ARG,M-367,Alejandro Sabella,Argentina,"Sabella, Alejandro",https://www.national-football-teams.com/coach/37852/Alejandro_Sabella.html,33,National Football Teams coach match logs,2014-06-12
WC-2014,T-04,Australia,AUS,M-331,Ange Postecoglou,Australia,"Postecoglou, Ange",https://www.national-football-teams.com/coach/21252/Ange_Postecoglou.html,4,National Football Teams coach match logs,2014-06-12
WC-2014,T-06,Belgium,BEL,M-468,Marc Wilmots,Belgium,"Wilmots, Marc",https://www.national-football-teams.com/coach/12770/Marc_Wilmots.html,23,National Football Teams coach match logs,2014-06-12
WC-2014,T-08,Bosnia and Herzegovina,BIH,M-416,Safet Sušić,Bosnia & Herzegovina,"Sušić, Safet",https://www.national-football-teams.com/coach/19925/Safet_Susic.html,40,National Football Teams coach match logs,2014-06-12
WC-2014,T-09,Brazil,BRA,M-389,Luiz Felipe Scolari,Brazil,"Scolari, Luiz Felipe",https://www.national-football-teams.com/coach/53259/Luiz_Felipe_Scolari.html,22,National Football Teams coach match logs,2014-06-12
WC-2014,T-11,Cameroon,CMR,M-125,Volker Finke,Cameroon,"Finke, Volker",https://www.national-football-teams.com/coach/53337/Volker_Finke.html,12,National Football Teams coach match logs,2014-06-12
WC-2014,T-13,Chile,CHL,M-370,Jorge Sampaoli,Chile,"Sampaoli, Jorge",https://www.national-football-teams.com/coach/53261/Jorge_Sampaoli.html,19,National Football Teams coach match logs,2014-06-12
WC-2014,T-16,Colombia,COL,M-315,José Pékerman,Colombia,"Pekerman, José",https://www.national-football-teams.com/coach/52852/Jose_Pekerman.html,23,National Football Teams coach match logs,2014-06-12
WC-2014,T-17,Costa Rica,CRI,M-326,Jorge Luis Pinto,Costa Rica,"Pinto, Jorge Luis",https://www.national-football-teams.com/coach/52823/Jorge_Luis_Pinto.html,45,National Football Teams coach match logs,2014-06-12
WC-2014,T-18,Croatia,HRV,M-206,Niko Kovač,Croatia,"Kovač, Niko",https://www.national-football-teams.com/coach/1730/Niko_Kovac.html,5,National Football Teams coach match logs,2014-06-12
WC-2014,T-25,Ecuador,ECU,M-363,Reinaldo Rueda,Ecuador,"Rueda, Reinaldo",https://www.national-football-teams.com/coach/53245/Reinaldo_Rueda.html,45,National Football Teams coach match logs,2014-06-12
WC-2014,T-28,England,ENG,M-173,Roy Hodgson,England,"Hodgson, Roy",https://www.national-football-teams.com/coach/52912/Roy_Hodgson.html,28,National Football Teams coach match logs,2014-06-12
WC-2014,T-30,France,FRA,M-097,Didier Deschamps,France,"Deschamps, Didier",https://www.national-football-teams.com/coach/13953/Didier_Deschamps.html,22,National Football Teams coach match logs,2014-06-12
WC-2014,T-31,Germany,DEU,M-234,Joachim Löw,Germany,"Löw, Joachim",https://www.national-football-teams.com/coach/53246/Joachim_Low.html,105,National Football Teams coach match logs,2014-06-12
WC-2014,T-32,Ghana,GHA,M-017,James Kwesi Appiah,Ghana,"Appiah, James Kwesi",https://www.national-football-teams.com/coach/36092/James_Kwesi_Appiah.html,35,National Football Teams coach match logs,2014-06-12
WC-2014,T-33,Greece,GRC,M-377,Fernando Santos,Greece,"Santos, Fernando",https://www.national-football-teams.com/coach/52909/Fernando_Santos.html,45,National Football Teams coach match logs,2014-06-12
WC-2014,T-35,Honduras,HND,M-413,Luis Fernando Suárez,Honduras,"Suárez, Luis Fernando",https://www.national-football-teams.com/coach/53113/Luis_Fernando_Suarez.html,48,National Football Teams coach match logs,2014-06-12
WC-2014,T-38,Iran,IRN,M-339,Carlos Queiroz,Iran,"Queiroz, Carlos",https://www.national-football-teams.com/coach/53096/Carlos_Queiroz.html,40,National Football Teams coach match logs,2014-06-12
WC-2014,T-41,Italy,ITA,M-334,Cesare Prandelli,Italy,"Prandelli, Cesare",https://www.national-football-teams.com/coach/52760/Cesare_Prandelli.html,53,National Football Teams coach match logs,2014-06-12
WC-2014,T-42,Ivory Coast,CIV,M-213,Sabri Lamouchi,Ivory Coast,"Lamouchi, Sabri",https://www.national-football-teams.com/coach/10687/Sabri_Lamouchi.html,24,National Football Teams coach match logs,2014-06-12
WC-2014,T-44,Japan,JPN,M-473,Alberto Zaccheroni,Japan,"Zaccheroni, Alberto",https://www.national-football-teams.com/coach/52776/Alberto_Zaccheroni.html,51,National Football Teams coach match logs,2014-06-12
WC-2014,T-46,Mexico,MEX,M-165,Miguel Herrera,Mexico,"Herrera, Miguel",https://www.national-football-teams.com/coach/14382/Miguel_Herrera.html,10,National Football Teams coach match logs,2014-06-12
WC-2014,T-48,Netherlands,NLD,M-444,Louis van Gaal,Netherlands,"van Gaal, Louis",https://www.national-football-teams.com/coach/53293/Louis_Van_Gaal.html,22,National Football Teams coach match logs,2014-06-12
WC-2014,T-50,Nigeria,NGA,M-196,Stephen Keshi,Nigeria,"Keshi, Stephen",https://www.national-football-teams.com/coach/14804/Stephen_Keshi.html,48,National Football Teams coach match logs,2014-06-12
WC-2014,T-58,Portugal,PRT,M-036,Paulo Bento,Portugal,"Bento, Paulo",https://www.national-football-teams.com/coach/17519/Paulo_Bento.html,43,National Football Teams coach match logs,2014-06-12
WC-2014,T-62,Russia,RUS,M-071,Fabio Capello,Russia,"Capello, Fabio",https://www.national-football-teams.com/coach/17367/Fabio_Capello.html,19,National Football Teams coach match logs,2014-06-12
WC-2014,T-71,South Korea,KOR,M-176,Myung-bo Hong,South Korea,"Hong, Myung-Bo",https://www.national-football-teams.com/coach/13786/Myung_Bo_Hong.html,16,National Football Teams coach match logs,2014-06-12
WC-2014,T-73,Spain,ESP,M-094,Vicente del Bosque,Spain,"del Bosque, Vicente",https://www.national-football-teams.com/coach/18325/Vicente_Del_Bosque.html,87,National Football Teams coach match logs,2014-06-12
WC-2014,T-75,Switzerland,CHE,M-170,Ottmar Hitzfeld,Switzerland,"Hitzfeld, Ottmar",https://www.national-football-teams.com/coach/53244/Ottmar_Hitzfeld.html,57,National Football Teams coach match logs,2014-06-12
WC-2014,T-83,United States,USA,M-204,Jürgen Klinsmann,USA,"Klinsmann, Jürgen",https://www.national-football-teams.com/coach/14094/Juergen_Klinsmann.html,47,National Football Teams coach match logs,2014-06-12
WC-2014,T-84,Uruguay,URY,M-419,Óscar Tabárez,Uruguay,"Tabárez, Óscar",https://www.national-football-teams.com/coach/52913/Oscar_Tabarez.html,105,National Football Teams coach match logs,2014-06-12
WC-2018,T-03,Argentina,ARG,M-370,Jorge Sampaoli,Argentina,"Sampaoli, Jorge",https://www.national-football-teams.com/coach/53261/Jorge_Sampaoli.html,11,National Football Teams coach match logs,2018-06-14
WC-2018,T-04,Australia,AUS,M-446,Bert van Marwijk,Australia,"van Marwijk, Bert",https://www.national-football-teams.com/coach/20441/Bert_Van_Marwijk.html,4,National Football Teams coach match logs,2018-06-14
WC-2018,T-06,Belgium,BEL,M-243,Roberto Martínez,Belgium,"Martínez, Roberto",https://www.national-football-teams.com/coach/65017/Roberto_Martinez_1.html,20,National Football Teams coach match logs,2018-06-14
WC-2018,T-09,Brazil,BRA,M-429,Tite,Brazil,"Tite,",https://www.national-football-teams.com/coach/65012/Tite_1.html,21,National Football Teams coach match logs,2018-06-14
WC-2018,T-16,Colombia,COL,M-315,José Pékerman,Colombia,"Pekerman, José",https://www.national-football-teams.com/coach/52852/Jose_Pekerman.html,74,National Football Teams coach match logs,2018-06-14
WC-2018,T-17,Costa Rica,CRI,M-343,Óscar Ramírez,Costa Rica,"Ramírez, Óscar",https://www.national-football-teams.com/coach/16644/Oscar_Ramirez.html,44,National Football Teams coach match logs,2018-06-14
WC-2018,T-18,Croatia,HRV,M-090,Zlatko Dalić,Croatia,"Dalić, Zlatko",https://www.national-football-teams.com/coach/69144/Zlatko_Dalic.html,7,National Football Teams coach match logs,2018-06-14
WC-2018,T-22,Denmark,DNK,M-158,Åge Hareide,Denmark,"Hareide, Åge",https://www.national-football-teams.com/coach/20561/Aage_Hareide.html,22,National Football Teams coach match logs,2018-06-14
WC-2018,T-26,Egypt,EGY,M-088,Héctor Cúper,Egypt,"Cúper, Héctor",https://www.national-football-teams.com/coach/37846/Hector_Cuper.html,35,National Football Teams coach match logs,2018-06-14
WC-2018,T-28,England,ENG,M-405,Gareth Southgate,England,"Southgate, Gareth",https://www.national-football-teams.com/coach/2161/Gareth_Southgate.html,18,National Football Teams coach match logs,2018-06-14
WC-2018,T-30,France,FRA,M-097,Didier Deschamps,France,"Deschamps, Didier",https://www.national-football-teams.com/coach/13953/Didier_Deschamps.html,74,National Football Teams coach match logs,2018-06-14
WC-2018,T-31,Germany,DEU,M-234,Joachim Löw,Germany,"Löw, Joachim",https://www.national-football-teams.com/coach/53246/Joachim_Low.html,161,National Football Teams coach match logs,2018-06-14
WC-2018,T-37,Iceland,ISL,M-153,Heimir Hallgrímsson,Iceland,"Hallgrímsson, Heimir",https://www.national-football-teams.com/coach/65046/Heimir_Hallgrimsson.html,22,National Football Teams coach match logs,2018-06-14
WC-2018,T-38,Iran,IRN,M-339,Carlos Queiroz,Iran,"Queiroz, Carlos",https://www.national-football-teams.com/coach/53096/Carlos_Queiroz.html,86,National Football Teams coach match logs,2018-06-14
WC-2018,T-44,Japan,JPN,M-289,Akira Nishino,Japan,"Nishino, Akira",https://www.national-football-teams.com/coach/36690/Akira_Nishino.html,2,National Football Teams coach match logs,2018-06-14
WC-2018,T-46,Mexico,MEX,M-304,Juan Carlos Osorio,Mexico,"Osorio, Juan Carlos",https://www.national-football-teams.com/coach/61331/Juan_Carlos_Osorio.html,46,National Football Teams coach match logs,2018-06-14
WC-2018,T-47,Morocco,MAR,M-353,Hervé Renard,Morocco,"Renard, Hervé",https://www.national-football-teams.com/coach/52812/Herve_Renard.html,29,National Football Teams coach match logs,2018-06-14
WC-2018,T-50,Nigeria,NGA,M-359,Gernot Rohr,Nigeria,"Rohr, Gernot",https://www.national-football-teams.com/coach/52921/Gernot_Rohr.html,13,National Football Teams coach match logs,2018-06-14
WC-2018,T-54,Panama,PAN,M-141,Hernán Darío Gómez,Panama,"Gómez, Hernán Darío",https://www.national-football-teams.com/coach/54656/Hernan_Dario_Gomez.html,68,National Football Teams coach match logs,2018-06-14
WC-2018,T-56,Peru,PER,M-134,Ricardo Gareca,Peru,"Gareca, Ricardo",https://www.national-football-teams.com/coach/21648/Ricardo_Gareca.html,43,National Football Teams coach match logs,2018-06-14
WC-2018,T-57,Poland,POL,M-283,Adam Nawałka,Poland,"Nawałka, Adam",https://www.national-football-teams.com/coach/17494/Adam_Nawalka.html,45,National Football Teams coach match logs,2018-06-14
WC-2018,T-58,Portugal,PRT,M-377,Fernando Santos,Portugal,"Santos, Fernando",https://www.national-football-teams.com/coach/52909/Fernando_Santos.html,51,National Football Teams coach match logs,2018-06-14
WC-2018,T-62,Russia,RUS,M-078,Stanislav Cherchesov,Russia,"Cherchesov, Stanislav",https://www.national-football-teams.com/coach/15106/Stanislav_Cherchesov.html,20,National Football Teams coach match logs,2018-06-14
WC-2018,T-63,Saudi Arabia,SAU,M-329,Juan Antonio Pizzi,Saudi Arabia,"Pizzi, Juan Antonio",https://www.national-football-teams.com/coach/12594/Juan_Antonio_Pizzi.html,9,National Football Teams coach match logs,2018-06-14
WC-2018,T-65,Senegal,SEN,M-081,Aliou Cissé,Senegal,"Cissé, Aliou",https://www.national-football-teams.com/coach/5818/Aliou_Cisse.html,43,National Football Teams coach match logs,2018-06-14
WC-2018,T-66,Serbia,SRB,M-208,Mladen Krstajić,Serbia,"Krstajić, Mladen",https://www.national-football-teams.com/coach/5856/Mladen_Krstajic.html,4,National Football Teams coach match logs,2018-06-14
WC-2018,T-71,South Korea,KOR,M-395,Tae-yong Shin,South Korea,"Shin, Tae-Yong",https://www.national-football-teams.com/coach/17653/Tae_Yong_Shin.html,18,National Football Teams coach match logs,2018-06-14
WC-2018,T-73,Spain,ESP,M-169,Fernando Hierro,Spain,"Hierro, Fernando",https://www.national-football-teams.com/coach/10386/Fernando_Hierro.html,0,National Football Teams coach match logs,2018-06-14
WC-2018,T-74,Sweden,SWE,M-014,Janne Andersson,Sweden,"Andersson, Janne",https://www.national-football-teams.com/coach/65052/Janne_Andersson.html,23,National Football Teams coach match logs,2018-06-14
WC-2018,T-75,Switzerland,CHE,M-319,Vladimir Petković,Switzerland,"Petković, Vladimir",https://www.national-football-teams.com/coach/57018/Vladimir_Petkovic.html,39,National Football Teams coach match logs,2018-06-14
WC-2018,T-79,Tunisia,TUN,M-238,Nabil Maâloul,Tunisia,"Maâloul, Nabil",https://www.national-football-teams.com/coach/46472/Nabil_Maaloul.html,10,National Football Teams coach match logs,2018-06-14
WC-2018,T-84,Uruguay,URY,M-419,Óscar Tabárez,Uruguay,"Tabárez, Óscar",https://www.national-football-teams.com/coach/52913/Oscar_Tabarez.html,152,National Football Teams coach match logs,2018-06-14
WC-2022,T-03,Argentina,ARG,M-383,Lionel Scaloni,Argentina,"Scaloni, Lionel",https://www.national-football-teams.com/coach/320/Lionel_Scaloni.html,50,National Football Teams coach match logs,2022-11-20
WC-2022,T-04,Australia,AUS,M-022,Graham Arnold,Australia,"Arnold, Graham",https://www.national-football-teams.com/coach/12792/Graham_Arnold.html,32,National Football Teams coach match logs,2022-11-20
WC-2022,T-06,Belgium,BEL,M-243,Roberto Martínez,Belgium,"Martínez, Roberto",https://www.national-football-teams.com/coach/65017/Roberto_Martinez_1.html,76,National Football Teams coach match logs,2022-11-20
WC-2022,T-09,Brazil,BRA,M-429,Tite,Brazil,"Tite,",https://www.national-football-teams.com/coach/65012/Tite_1.html,76,National Football Teams coach match logs,2022-11-20
WC-2022,T-11,Cameroon,CMR,M-402,Rigobert Song,Cameroon,"Song, Rigobert",https://www.national-football-teams.com/coach/1237/Rigobert_Song.html,7,National Football Teams coach match logs,2022-11-20
WC-2022,T-12,Canada,CAN,M-163,John Herdman,Canada,"Herdman, John",https://www.national-football-teams.com/coach/70828/John_Herdman.html,48,National Football Teams coach match logs,2022-11-20
WC-2022,T-17,Costa Rica,CRI,M-413,Luis Fernando Suárez,Costa Rica,"Suárez, Luis Fernando",https://www.national-football-teams.com/coach/53113/Luis_Fernando_Suarez.html,25,National Football Teams coach match logs,2022-11-20
WC-2022,T-18,Croatia,HRV,M-090,Zlatko Dalić,Croatia,"Dalić, Zlatko",https://www.national-football-teams.com/coach/69144/Zlatko_Dalic.html,63,National Football Teams coach match logs,2022-11-20
WC-2022,T-22,Denmark,DNK,M-171,Kasper Hjulmand,Denmark,"Hjulmand, Kasper",https://www.national-football-teams.com/coach/79256/Kasper_Hjulmand.html,33,National Football Teams coach match logs,2022-11-20
WC-2022,T-25,Ecuador,ECU,M-011,Gustavo Alfaro,Ecuador,"Alfaro, Gustavo",https://www.national-football-teams.com/coach/79725/Gustavo_Alfaro.html,32,National Football Teams coach match logs,2022-11-20
WC-2022,T-28,England,ENG,M-405,Gareth Southgate,England,"Southgate, Gareth",https://www.national-football-teams.com/coach/2161/Gareth_Southgate.html,76,National Football Teams coach match logs,2022-11-20
WC-2022,T-30,France,FRA,M-097,Didier Deschamps,France,"Deschamps, Didier",https://www.national-football-teams.com/coach/13953/Didier_Deschamps.html,129,National Football Teams coach match logs,2022-11-20
WC-2022,T-31,Germany,DEU,M-127,Hansi Flick,Germany,"Flick, Hansi",https://www.national-football-teams.com/coach/83623/Hansi_Flick.html,16,National Football Teams coach match logs,2022-11-20
WC-2022,T-32,Ghana,GHA,M-002,Otto Addo,Ghana,"Addo, Otto",https://www.national-football-teams.com/coach/10503/Otto_Addo.html,9,National Football Teams coach match logs,2022-11-20
WC-2022,T-38,Iran,IRN,M-339,Carlos Queiroz,Iran,"Queiroz, Carlos",https://www.national-football-teams.com/coach/53096/Carlos_Queiroz.html,4,National Football Teams coach match logs,2022-11-20
WC-2022,T-44,Japan,JPN,M-273,Hajime Moriyasu,Japan,"Moriyasu, Hajime",https://www.national-football-teams.com/coach/15559/Hajime_Moriyasu.html,58,National Football Teams coach match logs,2022-11-20
WC-2022,T-46,Mexico,MEX,M-244,Gerardo Martino,Mexico,"Martino, Gerardo",https://www.national-football-teams.com/coach/21876/Gerardo_Martino.html,59,National Football Teams coach match logs,2022-11-20
WC-2022,T-47,Morocco,MAR,M-350,Walid Regragui,Morocco,"Regragui, Walid",https://www.national-football-teams.com/coach/4501/Walid_Regragui.html,3,National Football Teams coach match logs,2022-11-20
WC-2022,T-48,Netherlands,NLD,M-444,Louis van Gaal,Netherlands,"van Gaal, Louis",https://www.national-football-teams.com/coach/53293/Louis_Van_Gaal.html,14,National Football Teams coach match logs,2022-11-20
WC-2022,T-57,Poland,POL,M-261,Czesław Michniewicz,Poland,"Michniewicz, Czesław",https://www.national-football-teams.com/coach/86936/Czeslaw_Michniewicz.html,9,National Football Teams coach match logs,2022-11-20
WC-2022,T-58,Portugal,PRT,M-377,Fernando Santos,Portugal,"Santos, Fernando",https://www.national-football-teams.com/coach/52909/Fernando_Santos.html,104,National Football Teams coach match logs,2022-11-20
WC-2022,T-59,Qatar,QAT,M-373,Félix Sánchez,Qatar,"Sánchez, Félix",https://www.national-football-teams.com/coach/68664/Felix_Sanchez.html,83,National Football Teams coach match logs,2022-11-20
WC-2022,T-63,Saudi Arabia,SAU,M-353,Hervé Renard,Saudi Arabia,"Renard, Hervé",https://www.national-football-teams.com/coach/52812/Herve_Renard.html,37,National Football Teams coach match logs,2022-11-20
WC-2022,T-65,Senegal,SEN,M-081,Aliou Cissé,Senegal,"Cissé, Aliou",https://www.national-football-teams.com/coach/5818/Aliou_Cisse.html,89,National Football Teams coach match logs,2022-11-20
WC-2022,T-66,Serbia,SRB,M-411,Dragan Stojković,Serbia,"Stojković, Dragan",https://www.national-football-teams.com/coach/13981/Dragan_Stojkovic.html,21,National Football Teams coach match logs,2022-11-20
WC-2022,T-71,South Korea,KOR,M-036,Paulo Bento,South Korea,"Bento, Paulo",https://www.national-football-teams.com/coach/17519/Paulo_Bento.html,53,National Football Teams coach match logs,2022-11-20
WC-2022,T-73,Spain,ESP,M-116,Luis Enrique,Spain,"Luis Enrique,",https://www.national-football-teams.com/coach/14107/Luis_Enrique.html,41,National Football Teams coach match logs,2022-11-20
WC-2022,T-75,Switzerland,CHE,M-471,Murat Yakin,Switzerland,"Yakın, Murat",https://www.national-football-teams.com/coach/6423/Murat_Yakin.html,16,National Football Teams coach match logs,2022-11-20
WC-2022,T-79,Tunisia,TUN,M-190,Jalel Kadri,Tunisia,"Kadri, Jalel",https://www.national-football-teams.com/coach/85462/Jalel_Kadri.html,10,National Football Teams coach match logs,2022-11-20
WC-2022,T-83,United States,USA,M-039,Gregg Berhalter,USA,"Berhalter, Gregg",https://www.national-football-teams.com/coach/7106/Gregg_Berhalter.html,56,National Football Teams coach match logs,2022-11-20
WC-2022,T-84,Uruguay,URY,M-012,Diego Alonso,Uruguay,"Alonso, Diego",https://www.national-football-teams.com/coach/10800/Diego_Alonso.html,9,National Football Teams coach match logs,2022-11-20
WC-2022,T-85,Wales,WAL,M-306,Rob Page,Wales,"Page, Robert",https://www.national-football-teams.com/coach/7276/Robert_Page.html,28,National Football Teams coach match logs,2022-11-20
WC-2026,T-01,Algeria,DZA,NA,NA,Algeria,"Petković, Vladimir",https://www.national-football-teams.com/coach/57018/Vladimir_Petkovic.html,27,National Football Teams coach match logs,2026-06-11
WC-2026,T-03,Argentina,ARG,NA,NA,Argentina,"Scaloni, Lionel",https://www.national-football-teams.com/coach/320/Lionel_Scaloni.html,94,National Football Teams coach match logs,2026-06-11
WC-2026,T-04,Australia,AUS,NA,NA,Australia,"Popović, Tony",https://www.national-football-teams.com/coach/427/Tony_Popovic.html,16,National Football Teams coach match logs,2026-06-11
WC-2026,T-05,Austria,AUT,NA,NA,Austria,"Rangnick, Ralf",https://www.national-football-teams.com/coach/87679/Ralf_Rangnick.html,44,National Football Teams coach match logs,2026-06-11
WC-2026,T-06,Belgium,BEL,NA,NA,Belgium,"Garcia, Rudi",https://www.national-football-teams.com/coach/98752/Rudi_Garcia.html,12,National Football Teams coach match logs,2026-06-11
WC-2026,T-08,Bosnia and Herzegovina,BIH,NA,NA,Bosnia & Herzegovina,"Barbarez, Sergej",https://www.national-football-teams.com/coach/924/Sergej_Barbarez.html,20,National Football Teams coach match logs,2026-06-11
WC-2026,T-09,Brazil,BRA,NA,NA,Brazil,"Ancelotti, Carlo",https://www.national-football-teams.com/coach/15221/Carlo_Ancelotti.html,10,National Football Teams coach match logs,2026-06-11
WC-2026,NA,Cabo Verde,CPV,NA,NA,Cape Verde,"Bubista,",https://www.national-football-teams.com/coach/1313/Bubista.html,59,National Football Teams coach match logs,2026-06-11
WC-2026,T-12,Canada,CAN,NA,NA,Canada,"Marsch, Jesse",https://www.national-football-teams.com/coach/11451/Jesse_Marsch.html,30,National Football Teams coach match logs,2026-06-11
WC-2026,T-16,Colombia,COL,NA,NA,Colombia,"Lorenzo, Néstor",https://www.national-football-teams.com/coach/19307/Nestor_Lorenzo.html,44,National Football Teams coach match logs,2026-06-11
WC-2026,NA,Congo DR,COD,NA,NA,DR Congo,"Desabre, Sébastien",https://www.national-football-teams.com/coach/69945/Sebastien_Desabre.html,46,National Football Teams coach match logs,2026-06-11
WC-2026,T-18,Croatia,HRV,NA,NA,Croatia,"Dalić, Zlatko",https://www.national-football-teams.com/coach/69144/Zlatko_Dalic.html,105,National Football Teams coach match logs,2026-06-11
WC-2026,NA,Curacao,CUW,NA,NA,Curaçao,"Rutten, Fred",https://www.national-football-teams.com/coach/20386/Fred_Rutten.html,2,National Football Teams coach match logs,2026-06-11
WC-2026,T-20,Czechia,CZE,NA,NA,Czechia,"Koubek, Miroslav",https://www.national-football-teams.com/coach/103829/Miroslav_Koubek.html,2,National Football Teams coach match logs,2026-06-11
WC-2026,T-25,Ecuador,ECU,NA,NA,Ecuador,"Beccacece, Sebastián",https://www.national-football-teams.com/coach/95693/Sebastian_Beccacece.html,18,National Football Teams coach match logs,2026-06-11
WC-2026,T-26,Egypt,EGY,NA,NA,Egypt,"Hassan, Hossam",https://www.national-football-teams.com/coach/12994/Hossam_Hassan.html,28,National Football Teams coach match logs,2026-06-11
WC-2026,T-28,England,ENG,NA,NA,England,"Tuchel, Thomas",https://www.national-football-teams.com/coach/98836/Thomas_Tuchel.html,12,National Football Teams coach match logs,2026-06-11
WC-2026,T-30,France,FRA,NA,NA,France,"Deschamps, Didier",https://www.national-football-teams.com/coach/13953/Didier_Deschamps.html,174,National Football Teams coach match logs,2026-06-11
WC-2026,T-31,Germany,DEU,NA,NA,Germany,"Nagelsmann, Julian",https://www.national-football-teams.com/coach/92631/Julian_Nagelsmann.html,31,National Football Teams coach match logs,2026-06-11
WC-2026,T-32,Ghana,GHA,NA,NA,Ghana,"Addo, Otto",https://www.national-football-teams.com/coach/10503/Otto_Addo.html,34,National Football Teams coach match logs,2026-06-11
WC-2026,T-34,Haiti,HTI,NA,NA,Haiti,"Migné, Sébastien",https://www.national-football-teams.com/coach/67660/Sebastien_Migne.html,22,National Football Teams coach match logs,2026-06-11
WC-2026,T-38,Iran,IRN,NA,NA,Iran,"Ghalenoei, Amir",https://www.national-football-teams.com/coach/15348/Amir_Ghalenoei.html,43,National Football Teams coach match logs,2026-06-11
WC-2026,T-39,Iraq,IRQ,NA,NA,Iraq,"Arnold, Graham",https://www.national-football-teams.com/coach/12792/Graham_Arnold.html,12,National Football Teams coach match logs,2026-06-11
WC-2026,T-42,Ivory Coast,CIV,NA,NA,Ivory Coast,"Faé, Emerse",https://www.national-football-teams.com/coach/10966/Emerse_Fae.html,31,National Football Teams coach match logs,2026-06-11
WC-2026,T-44,Japan,JPN,NA,NA,Japan,"Moriyasu, Hajime",https://www.national-football-teams.com/coach/15559/Hajime_Moriyasu.html,103,National Football Teams coach match logs,2026-06-11
WC-2026,NA,Jordan,JOR,NA,NA,Jordan,"Sellami, Jamel",https://www.national-football-teams.com/coach/15123/Jamel_Sellami.html,29,National Football Teams coach match logs,2026-06-11
WC-2026,T-46,Mexico,MEX,NA,NA,Mexico,"Aguirre, Javier",https://www.national-football-teams.com/coach/17322/Javier_Aguirre.html,26,National Football Teams coach match logs,2026-06-11
WC-2026,T-47,Morocco,MAR,NA,NA,Morocco,"Regragui, Walid",https://www.national-football-teams.com/coach/4501/Walid_Regragui.html,49,National Football Teams coach match logs,2026-06-11
WC-2026,T-48,Netherlands,NLD,NA,NA,Netherlands,"Koeman, Ronald",https://www.national-football-teams.com/coach/14122/Ronald_Koeman.html,38,National Football Teams coach match logs,2026-06-11
WC-2026,T-49,New Zealand,NZL,NA,NA,New Zealand,"Bazeley, Darren",https://www.national-football-teams.com/coach/90441/Darren_Bazeley.html,32,National Football Teams coach match logs,2026-06-11
WC-2026,T-53,Norway,NOR,NA,NA,Norway,"Solbakken, Ståle",https://www.national-football-teams.com/coach/14061/Staale_Solbakken.html,54,National Football Teams coach match logs,2026-06-11
WC-2026,T-54,Panama,PAN,NA,NA,Panama,"Christiansen, Thomas",https://www.national-football-teams.com/coach/10511/Thomas_Christiansen.html,89,National Football Teams coach match logs,2026-06-11
WC-2026,T-55,Paraguay,PRY,NA,NA,Paraguay,"Alfaro, Gustavo",https://www.national-football-teams.com/coach/79725/Gustavo_Alfaro.html,19,National Football Teams coach match logs,2026-06-11
WC-2026,T-58,Portugal,PRT,NA,NA,Portugal,"Martínez, Roberto",https://www.national-football-teams.com/coach/65017/Roberto_Martinez_1.html,38,National Football Teams coach match logs,2026-06-11
WC-2026,T-59,Qatar,QAT,NA,NA,Qatar,NA,NA,NA,National Football Teams coach match logs,2026-06-11
WC-2026,T-63,Saudi Arabia,SAU,NA,NA,Saudi Arabia,"Renard, Hervé",https://www.national-football-teams.com/coach/52812/Herve_Renard.html,71,National Football Teams coach match logs,2026-06-11
WC-2026,T-64,Scotland,SCO,NA,NA,Scotland,"Clarke, Stevie",https://www.national-football-teams.com/coach/20016/Stevie_Clarke.html,76,National Football Teams coach match logs,2026-06-11
WC-2026,T-65,Senegal,SEN,NA,NA,Senegal,"Thiaw, Pape",https://www.national-football-teams.com/coach/5797/Pape_Thiaw.html,37,National Football Teams coach match logs,2026-06-11
WC-2026,T-70,South Africa,ZAF,NA,NA,South Africa,"Broos, Hugo",https://www.national-football-teams.com/coach/19303/Hugo_Broos.html,55,National Football Teams coach match logs,2026-06-11
WC-2026,T-71,South Korea,KOR,NA,NA,South Korea,"Hong, Myung-Bo",https://www.national-football-teams.com/coach/13786/Myung_Bo_Hong.html,21,National Football Teams coach match logs,2026-06-11
WC-2026,T-73,Spain,ESP,NA,NA,Spain,"de La Fuente, Luis",https://www.national-football-teams.com/coach/83296/Luis_De_La_Fuente_1.html,40,National Football Teams coach match logs,2026-06-11
WC-2026,T-74,Sweden,SWE,NA,NA,Sweden,"Potter, Graham",https://www.national-football-teams.com/coach/101706/Graham_Potter.html,4,National Football Teams coach match logs,2026-06-11
WC-2026,T-75,Switzerland,CHE,NA,NA,Switzerland,"Yakın, Murat",https://www.national-football-teams.com/coach/6423/Murat_Yakin.html,57,National Football Teams coach match logs,2026-06-11
WC-2026,T-79,Tunisia,TUN,NA,NA,Tunisia,"Trabelsi, Sami",https://www.national-football-teams.com/coach/30024/Sami_Trabelsi.html,19,National Football Teams coach match logs,2026-06-11
WC-2026,T-80,Turkey,TUR,NA,NA,Turkey,"Montella, Vincenzo",https://www.national-football-teams.com/coach/3356/Vincenzo_Montella.html,31,National Football Teams coach match logs,2026-06-11
WC-2026,T-83,United States,USA,NA,NA,USA,"Pochettino, Mauricio",https://www.national-football-teams.com/coach/302/Mauricio_Pochettino.html,24,National Football Teams coach match logs,2026-06-11
WC-2026,T-84,Uruguay,URY,NA,NA,Uruguay,"Bielsa, Marcelo",https://www.national-football-teams.com/coach/54589/Marcelo_Bielsa.html,34,National Football Teams coach match logs,2026-06-11
WC-2026,NA,Uzbekistan,UZB,NA,NA,Uzbekistan,"Cannavaro, Fabio",https://www.national-football-teams.com/coach/3372/Fabio_Cannavaro.html,6,National Football Teams coach match logs,2026-06-11
