tournament_id,team_name,team_id,team_code,distance_from_host_km,elo_2026,coach_name_nft,coach_full_name,pre_wc_team_matches_coached,prior_world_cups_coached,squad_players,avg_age,missing_player_birth_dates,players_with_prior_wc,players_with_multiple_prior_wcs
WC-2026,Algeria,T-01,DZA,8467.886494926224,1757,"Petković, Vladimir",Vladimir Petković,27,1,26,26.854104143631865,0,3,0
WC-2026,Argentina,T-03,ARG,9076.35076928077,2113,"Scaloni, Lionel",Lionel Scaloni,94,1,26,29.05228241983889,0,16,3
WC-2026,Australia,T-04,AUS,14653.988734294251,1774,"Popović, Tony",Tony Popović,16,0,26,27.359448217764438,0,8,4
WC-2026,Austria,T-05,AUT,8351.636752501134,1818,"Rangnick, Ralf",Ralf Rangnick,44,0,25,28.609007529089663,0,0,0
WC-2026,Belgium,T-06,BEL,7608.706456152969,1850,"Garcia, Rudi",Rudi Garcia,12,0,26,27.61448954878113,0,11,6
WC-2026,Bosnia and Herzegovina,T-08,BIH,8799.914694671237,1572,"Barbarez, Sergej",Sergej Barbarez,20,0,26,26.422471436845154,0,2,0
WC-2026,Brazil,T-09,BRA,7396.651725397587,1978,"Ancelotti, Carlo",Carlo Ancelotti,10,0,26,29.202758911177803,0,5,0
WC-2026,Cabo Verde,NA,CPV,7732.128228517904,1561,"Bubista,",Bubista,59,0,26,29.676407097351657,0,0,0
WC-2026,Canada,T-12,CAN,0,1802,"Marsch, Jesse",Jesse Marsch,30,0,25,27.103299110198495,0,10,0
WC-2026,Colombia,T-16,COL,4836.620104090255,1998,"Lorenzo, Néstor",Néstor Lorenzo,44,0,26,30.089296056441846,0,9,5
WC-2026,Congo DR,NA,COD,13091.613558524405,1657,"Desabre, Sébastien",Sébastien Desabre,46,0,26,29.06870952456168,0,0,0
WC-2026,Croatia,T-18,HRV,8608.749072206005,1932,"Dalić, Zlatko",Zlatko Dalić,105,2,26,28.328752698362553,0,13,4
WC-2026,Curacao,NA,CUW,4359.8095622244355,1466,"Rutten, Fred",Fred Rutten,2,0,26,28.020955088716896,0,0,0
WC-2026,Czechia,T-20,CZE,8250.286611837133,1731,"Koubek, Miroslav",Miroslav Koubek,2,0,26,27.620807665982205,0,0,0
WC-2026,Ecuador,T-25,ECU,5050.644388665269,1933,"Beccacece, Sebastián",Sebastián Beccacece,18,0,26,26.07760753961986,0,11,1
WC-2026,Egypt,T-26,EGY,11013.883086682994,1622,"Hassan, Hossam",Hossam Hassan,28,0,26,29.058916442900017,0,2,0
WC-2026,England,T-28,ENG,7152.495586801294,2042,"Tuchel, Thomas",Thomas Tuchel,12,0,26,27.144105723161164,0,8,5
WC-2026,France,T-30,FRA,7714.672685425144,2062,"Deschamps, Didier",Didier Deschamps,174,3,26,27.001000368556838,0,13,3
WC-2026,Germany,T-31,DEU,7888.05221489964,1910,"Nagelsmann, Julian",Julian Nagelsmann,31,0,26,27.977886589796242,0,9,4
WC-2026,Ghana,T-32,GHA,10227.032844066958,1509,"Addo, Otto",Otto Addo,34,1,26,26.975201389985784,0,8,1
WC-2026,Haiti,T-34,HTI,3531.27062289123,1542,"Migné, Sébastien",Sébastien Migné,22,0,26,27.5778444690149,0,0,0
WC-2026,Iran,T-38,IRN,11560.024465226299,1755,"Ghalenoei, Amir",Amir Ghalenoei,43,0,26,30.3325435686832,0,12,9
WC-2026,Iraq,T-39,IRQ,11131.48949779042,1582,"Arnold, Graham",Graham Arnold,12,1,26,27.154530616542935,0,0,0
WC-2026,Ivory Coast,T-42,CIV,9853.150045632057,1627,"Faé, Emerse",Emerse Faé,31,0,26,25.84899699889433,0,0,0
WC-2026,Japan,T-44,JPN,9562.526814875126,1878,"Moriyasu, Hajime",Hajime Moriyasu,103,1,26,27.750434370557574,0,13,1
WC-2026,Jordan,NA,JOR,10984.601901755945,1689,"Sellami, Jamel",Jamel Sellami,29,0,26,28.44416363923551,0,0,0
WC-2026,Mexico,T-46,MEX,0,1835,"Aguirre, Javier",Javier Aguirre,26,2,26,27.900700257989786,0,10,4
WC-2026,Morocco,T-47,MAR,8047.458024689145,1840,"Regragui, Walid",Walid Regragui,49,1,26,26.394566419207077,0,9,3
WC-2026,Netherlands,T-48,NLD,7554.561023407048,1959,"Koeman, Ronald",Ronald Koeman,38,0,26,27.739272363502344,0,11,1
WC-2026,New Zealand,T-49,NZL,12567.390141907279,1585,"Bazeley, Darren",Darren Bazeley,32,0,26,28.11793818775338,0,2,0
WC-2026,Norway,T-53,NOR,7116.618664157501,1922,"Solbakken, Ståle",Ståle Solbakken,54,0,26,26.804191017743378,0,0,0
WC-2026,Panama,T-54,PAN,3966.489606135957,1742,"Christiansen, Thomas",Thomas Christiansen,89,0,26,30.426578213025852,0,5,0
WC-2026,Paraguay,T-55,PRY,8273.164637737715,1833,"Alfaro, Gustavo",Gustavo Alfaro,19,1,26,29.031011425261937,0,0,0
WC-2026,Portugal,T-58,PRT,7492.6626342757945,1976,"Martínez, Roberto",Roberto Martínez,38,2,26,28.035276154372664,0,14,3
WC-2026,Qatar,T-59,QAT,12201.51654796983,1425,NA,NA,NA,0,26,29.507713368082978,0,12,0
WC-2026,Saudi Arabia,T-63,SAU,11783.518070291611,1592,"Renard, Hervé",Hervé Renard,71,2,26,28.5160848733744,0,9,3
WC-2026,Scotland,T-64,SCO,6752.840415840782,1790,"Clarke, Stevie",Stevie Clarke,76,0,26,29.20244300531775,0,0,0
WC-2026,Senegal,T-65,SEN,8646.942720200805,1807,"Thiaw, Pape",Pape Thiaw,37,0,26,27.087242668351497,0,13,3
WC-2026,South Africa,T-70,ZAF,14937.12069749442,1550,"Broos, Hugo",Hugo Broos,55,0,26,26.808403095877427,0,0,0
WC-2026,South Korea,T-71,KOR,10196.189406281637,1784,"Hong, Myung-Bo",Myung-Bo Hong,21,1,26,28.06570841889117,0,6,0
WC-2026,Spain,T-73,ESP,7746.922852806779,2172,"de La Fuente, Luis",Luis de La Fuente,40,0,26,26.747433264887064,0,6,0
WC-2026,Sweden,T-74,SWE,7465.038363914989,1660,"Potter, Graham",Graham Potter,4,0,26,27.557099984204708,0,1,0
WC-2026,Switzerland,T-75,CHE,8079.837758395281,1897,"Yakın, Murat",Murat Yakın,57,1,26,28.307060495972202,0,15,4
WC-2026,Tunisia,T-79,TUN,9114.63766930202,1615,"Trabelsi, Sami",Sami Trabelsi,19,0,26,26.64465855841626,0,7,2
WC-2026,Turkey,T-80,TUR,10136.436627879562,1880,"Montella, Vincenzo",Vincenzo Montella,31,0,26,27.672195019217607,0,0,0
WC-2026,United States,T-83,USA,0,1747,"Pochettino, Mauricio",Mauricio Pochettino,24,0,26,26.90496498710051,0,11,0
WC-2026,Uruguay,T-84,URY,9282.411359256477,1890,"Bielsa, Marcelo",Marcelo Bielsa,34,2,26,28.742273469172854,0,13,4
WC-2026,Uzbekistan,NA,UZB,10859.4548236802,1735,"Cannavaro, Fabio",Fabio Cannavaro,6,0,26,28.51166219133365,0,0,0
