match_id,year,group,match_date,time,home_team,away_team,home_goals,away_goals,actual_score,actual_result,h_odds_decimal,d_odds_decimal,a_odds_decimal,home_pct_raw,draw_pct_raw,away_pct_raw,home_pct_no_vig,draw_pct_no_vig,away_pct_no_vig,odds_provider,source_timing,source_url,tournament_first_game_date,requested_snapshot_date,scrape_date,odds_are_exact_requested_snapshot
2010_2010-06-11_SouthAfrica_Mexico,2010,A,2010-06-11,16:00,South Africa,Mexico,1.0,1.0,1-1,draw,3.11,3.2,2.62,32.1543,31.25,38.1679,31.6566,30.7663,37.5771,CheckBestOdds best odds,archive last highest odds; not a one-week historical snapshot,https://checkbestodds.com/football-odds/archive-world-cup-2018/2010,2010-06-11,2010-06-04,2026-06-03,False
2010_2010-06-11_Uruguay_France,2010,A,2010-06-11,20:30,Uruguay,France,0.0,0.0,0-0,draw,3.7,3.2,2.25,27.027,31.25,44.4444,26.311,30.4221,43.2669,CheckBestOdds best odds,archive last highest odds; not a one-week historical snapshot,https://checkbestodds.com/football-odds/archive-world-cup-2018/2010,2010-06-11,2010-06-04,2026-06-03,False
2010_2010-06-12_SouthKorea_Greece,2010,B,2010-06-12,13:30,South Korea,Greece,2.0,0.0,2-0,home_win,2.75,3.15,3.0,36.3636,31.746,33.3333,35.8464,31.2945,32.8592,CheckBestOdds best odds,archive last highest odds; not a one-week historical snapshot,https://checkbestodds.com/football-odds/archive-world-cup-2018/2010,2010-06-11,2010-06-04,2026-06-03,False
2010_2010-06-12_Argentina_Nigeria,2010,B,2010-06-12,16:00,Argentina,Nigeria,1.0,0.0,1-0,home_win,1.45,4.79,10.0,68.9655,20.8768,10.0,69.0744,20.9098,10.0158,CheckBestOdds best odds,archive last highest odds; not a one-week historical snapshot,https://checkbestodds.com/football-odds/archive-world-cup-2018/2010,2010-06-11,2010-06-04,2026-06-03,False
2010_2010-06-12_England_USA,2010,C,2010-06-12,20:30,England,USA,1.0,1.0,1-1,draw,1.56,4.21,7.5,64.1026,23.753,13.3333,63.3494,23.4739,13.1767,CheckBestOdds best odds,archive last highest odds; not a one-week historical snapshot,https://checkbestodds.com/football-odds/archive-world-cup-2018/2010,2010-06-11,2010-06-04,2026-06-03,False
2010_2010-06-13_Algeria_Slovenia,2010,C,2010-06-13,13:30,Algeria,Slovenia,0.0,1.0,0-1,away_win,3.75,3.25,2.25,26.6667,30.7692,44.4444,26.1745,30.2013,43.6242,CheckBestOdds best odds,archive last highest odds; not a one-week historical snapshot,https://checkbestodds.com/football-odds/archive-world-cup-2018/2010,2010-06-11,2010-06-04,2026-06-03,False
2010_2010-06-13_Serbia_Ghana,2010,D,2010-06-13,16:00,Serbia,Ghana,0.0,1.0,0-1,away_win,2.1,3.36,4.3,47.619,29.7619,23.2558,47.3177,29.5736,23.1087,CheckBestOdds best odds,archive last highest odds; not a one-week historical snapshot,https://checkbestodds.com/football-odds/archive-world-cup-2018/2010,2010-06-11,2010-06-04,2026-06-03,False
2010_2010-06-13_Germany_Australia,2010,D,2010-06-13,20:30,Germany,Australia,4.0,0.0,4-0,home_win,1.6,4.0,8.13,62.5,25.0,12.3001,62.6252,25.0501,12.3248,CheckBestOdds best odds,archive last highest odds; not a one-week historical snapshot,https://checkbestodds.com/football-odds/archive-world-cup-2018/2010,2010-06-11,2010-06-04,2026-06-03,False
2010_2010-06-14_Netherlands_Denmark,2010,E,2010-06-14,13:30,Netherlands,Denmark,2.0,0.0,2-0,home_win,1.56,4.2,7.5,64.1026,23.8095,13.3333,63.314,23.5166,13.1693,CheckBestOdds best odds,archive last highest odds; not a one-week historical snapshot,https://checkbestodds.com/football-odds/archive-world-cup-2018/2010,2010-06-11,2010-06-04,2026-06-03,False
2010_2010-06-14_Japan_Cameroon,2010,E,2010-06-14,16:00,Japan,Cameroon,1.0,0.0,1-0,home_win,3.8,3.25,2.2,26.3158,30.7692,45.4545,25.664,30.0072,44.3288,CheckBestOdds best odds,archive last highest odds; not a one-week historical snapshot,https://checkbestodds.com/football-odds/archive-world-cup-2018/2010,2010-06-11,2010-06-04,2026-06-03,False
2010_2010-06-14_Italy_Paraguay,2010,F,2010-06-14,20:30,Italy,Paraguay,1.0,1.0,1-1,draw,2.27,3.25,4.0,44.0529,30.7692,25.0,44.1314,30.8241,25.0446,CheckBestOdds best odds,archive last highest odds; not a one-week historical snapshot,https://checkbestodds.com/football-odds/archive-world-cup-2018/2010,2010-06-11,2010-06-04,2026-06-03,False
2010_2010-06-15_NewZealand_Slovakia,2010,F,2010-06-15,13:30,New Zealand,Slovakia,1.0,1.0,1-1,draw,,,,,,,,,,Not available in public scrape,"fixture present, but no public 1X2 odds found in CheckBestOdds or BetExplorer fetches",https://www.betexplorer.com/football/world/world-cup-2010/results/,2010-06-11,2010-06-04,2026-06-03,False
2010_2010-06-15_IvoryCoast_Portugal,2010,G,2010-06-15,16:00,Ivory Coast,Portugal,0.0,0.0,0-0,draw,4.19,3.3,2.26,23.8663,30.303,44.2478,24.2502,30.7904,44.9594,CheckBestOdds best odds,archive last highest odds; not a one-week historical snapshot,https://checkbestodds.com/football-odds/archive-world-cup-2018/2010,2010-06-11,2010-06-04,2026-06-03,False
2010_2010-06-15_Brazil_NorthKorea,2010,G,2010-06-15,20:30,Brazil,North Korea,2.0,1.0,2-1,home_win,1.1,11.0,30.0,90.9091,9.0909,3.3333,87.9765,8.7977,3.2258,CheckBestOdds best odds,archive last highest odds; not a one-week historical snapshot,https://checkbestodds.com/football-odds/archive-world-cup-2018/2010,2010-06-11,2010-06-04,2026-06-03,False
2010_2010-06-16_Honduras_Chile,2010,H,2010-06-16,13:30,Honduras,Chile,0.0,1.0,0-1,away_win,6.85,4.0,1.73,14.5985,25.0,57.8035,14.9879,25.6668,59.3453,CheckBestOdds best odds,archive last highest odds; not a one-week historical snapshot,https://checkbestodds.com/football-odds/archive-world-cup-2018/2010,2010-06-11,2010-06-04,2026-06-03,False
2010_2010-06-16_Spain_Switzerland,2010,H,2010-06-16,16:00,Spain,Switzerland,0.0,1.0,0-1,away_win,1.3,5.75,15.65,76.9231,17.3913,6.3898,76.3852,17.2697,6.3451,CheckBestOdds best odds,archive last highest odds; not a one-week historical snapshot,https://checkbestodds.com/football-odds/archive-world-cup-2018/2010,2010-06-11,2010-06-04,2026-06-03,False
2010_2010-06-16_SouthAfrica_Uruguay,2010,A,2010-06-16,20:30,South Africa,Uruguay,0.0,3.0,0-3,away_win,,,,,,,,,,Not available in public scrape,"fixture present, but no public 1X2 odds found in CheckBestOdds or BetExplorer fetches",https://www.betexplorer.com/football/world/world-cup-2010/results/,2010-06-11,2010-06-04,2026-06-03,False
2010_2010-06-17_Argentina_SouthKorea,2010,B,2010-06-17,13:30,Argentina,South Korea,4.0,1.0,4-1,home_win,1.56,4.0,8.0,64.1026,25.0,12.5,63.0915,24.6057,12.3028,CheckBestOdds best odds,archive last highest odds; not a one-week historical snapshot,https://checkbestodds.com/football-odds/archive-world-cup-2018/2010,2010-06-11,2010-06-04,2026-06-03,False
2010_2010-06-17_Greece_Nigeria,2010,B,2010-06-17,16:00,Greece,Nigeria,2.0,1.0,2-1,home_win,3.8,3.25,2.15,26.3158,30.7692,46.5116,25.4022,29.701,44.8968,CheckBestOdds best odds,archive last highest odds; not a one-week historical snapshot,https://checkbestodds.com/football-odds/archive-world-cup-2018/2010,2010-06-11,2010-06-04,2026-06-03,False
2010_2010-06-17_France_Mexico,2010,A,2010-06-17,20:30,France,Mexico,0.0,2.0,0-2,away_win,2.18,3.27,4.1,45.8716,30.581,24.3902,45.4882,30.3254,24.1864,CheckBestOdds best odds,archive last highest odds; not a one-week historical snapshot,https://checkbestodds.com/football-odds/archive-world-cup-2018/2010,2010-06-11,2010-06-04,2026-06-03,False
2010_2010-06-18_Germany_Serbia,2010,D,2010-06-18,13:30,Germany,Serbia,0.0,1.0,0-1,away_win,1.67,3.87,6.03,59.8802,25.8398,16.5837,58.5318,25.2579,16.2103,CheckBestOdds best odds,archive last highest odds; not a one-week historical snapshot,https://checkbestodds.com/football-odds/archive-world-cup-2018/2010,2010-06-11,2010-06-04,2026-06-03,False
2010_2010-06-18_Slovenia_USA,2010,C,2010-06-18,16:00,Slovenia,USA,2.0,2.0,2-2,draw,3.8,3.25,2.2,26.3158,30.7692,45.4545,25.664,30.0072,44.3288,CheckBestOdds best odds,archive last highest odds; not a one-week historical snapshot,https://checkbestodds.com/football-odds/archive-world-cup-2018/2010,2010-06-11,2010-06-04,2026-06-03,False
2010_2010-06-18_England_Algeria,2010,C,2010-06-18,20:30,England,Algeria,0.0,0.0,0-0,draw,1.25,6.35,17.07,80.0,15.748,5.8582,78.7353,15.4991,5.7656,CheckBestOdds best odds,archive last highest odds; not a one-week historical snapshot,https://checkbestodds.com/football-odds/archive-world-cup-2018/2010,2010-06-11,2010-06-04,2026-06-03,False
2010_2010-06-19_Netherlands_Japan,2010,E,2010-06-19,13:30,Netherlands,Japan,1.0,0.0,1-0,home_win,1.47,4.22,9.95,68.0272,23.6967,10.0503,66.8413,23.2836,9.8751,CheckBestOdds best odds,archive last highest odds; not a one-week historical snapshot,https://checkbestodds.com/football-odds/archive-world-cup-2018/2010,2010-06-11,2010-06-04,2026-06-03,False
2010_2010-06-19_Ghana_Australia,2010,D,2010-06-19,16:00,Ghana,Australia,1.0,1.0,1-1,draw,2.55,3.25,3.65,39.2157,30.7692,27.3973,40.2699,31.5964,28.1338,CheckBestOdds best odds,archive last highest odds; not a one-week historical snapshot,https://checkbestodds.com/football-odds/archive-world-cup-2018/2010,2010-06-11,2010-06-04,2026-06-03,False
2010_2010-06-19_Cameroon_Denmark,2010,E,2010-06-19,20:30,Cameroon,Denmark,1.0,2.0,1-2,away_win,2.9,3.25,2.65,34.4828,30.7692,37.7358,33.4824,29.8766,36.6411,CheckBestOdds best odds,archive last highest odds; not a one-week historical snapshot,https://checkbestodds.com/football-odds/archive-world-cup-2018/2010,2010-06-11,2010-06-04,2026-06-03,False
2010_2010-06-20_Slovakia_Paraguay,2010,F,2010-06-20,13:30,Slovakia,Paraguay,0.0,2.0,0-2,away_win,3.8,3.25,2.15,26.3158,30.7692,46.5116,25.4022,29.701,44.8968,CheckBestOdds best odds,archive last highest odds; not a one-week historical snapshot,https://checkbestodds.com/football-odds/archive-world-cup-2018/2010,2010-06-11,2010-06-04,2026-06-03,False
2010_2010-06-20_Italy_NewZealand,2010,F,2010-06-20,16:00,Italy,New Zealand,1.0,1.0,1-1,draw,1.23,6.2,22.39,81.3008,16.129,4.4663,79.7879,15.8289,4.3832,CheckBestOdds best odds,archive last highest odds; not a one-week historical snapshot,https://checkbestodds.com/football-odds/archive-world-cup-2018/2010,2010-06-11,2010-06-04,2026-06-03,False
2010_2010-06-20_Brazil_IvoryCoast,2010,G,2010-06-20,20:30,Brazil,Ivory Coast,3.0,1.0,3-1,home_win,1.79,3.9,6.0,55.8659,25.641,16.6667,56.9052,26.118,16.9767,CheckBestOdds best odds,archive last highest odds; not a one-week historical snapshot,https://checkbestodds.com/football-odds/archive-world-cup-2018/2010,2010-06-11,2010-06-04,2026-06-03,False
2010_2010-06-21_Portugal_NorthKorea,2010,G,2010-06-21,13:30,Portugal,North Korea,7.0,0.0,7-0,home_win,1.42,6.75,18.0,70.4225,14.8148,5.5556,77.5639,16.3172,6.1189,CheckBestOdds best odds,archive last highest odds; not a one-week historical snapshot,https://checkbestodds.com/football-odds/archive-world-cup-2018/2010,2010-06-11,2010-06-04,2026-06-03,False
2010_2010-06-21_Chile_Switzerland,2010,H,2010-06-21,16:00,Chile,Switzerland,1.0,0.0,1-0,home_win,2.21,3.36,3.85,45.2489,29.7619,25.974,44.8076,29.4717,25.7207,CheckBestOdds best odds,archive last highest odds; not a one-week historical snapshot,https://checkbestodds.com/football-odds/archive-world-cup-2018/2010,2010-06-11,2010-06-04,2026-06-03,False
2010_2010-06-21_Spain_Honduras,2010,H,2010-06-21,20:30,Spain,Honduras,2.0,0.0,2-0,home_win,1.17,9.2,30.0,85.4701,10.8696,3.3333,85.7505,10.9052,3.3443,CheckBestOdds best odds,archive last highest odds; not a one-week historical snapshot,https://checkbestodds.com/football-odds/archive-world-cup-2018/2010,2010-06-11,2010-06-04,2026-06-03,False
2010_2010-06-22_France_SouthAfrica,2010,A,2010-06-22,16:00,France,South Africa,1.0,2.0,1-2,away_win,2.2,3.5,3.55,45.4545,28.5714,28.169,44.4783,27.9578,27.564,CheckBestOdds best odds,archive last highest odds; not a one-week historical snapshot,https://checkbestodds.com/football-odds/archive-world-cup-2018/2010,2010-06-11,2010-06-04,2026-06-03,False
2010_2010-06-22_Mexico_Uruguay,2010,A,2010-06-22,16:00,Mexico,Uruguay,0.0,1.0,0-1,away_win,3.85,2.08,3.85,25.974,48.0769,25.974,25.9675,48.0649,25.9675,CheckBestOdds best odds,archive last highest odds; not a one-week historical snapshot,https://checkbestodds.com/football-odds/archive-world-cup-2018/2010,2010-06-11,2010-06-04,2026-06-03,False
2010_2010-06-22_Greece_Argentina,2010,B,2010-06-22,20:30,Greece,Argentina,0.0,2.0,0-2,away_win,8.0,4.33,1.5,12.5,23.0947,66.6667,12.2236,22.584,65.1924,CheckBestOdds best odds,archive last highest odds; not a one-week historical snapshot,https://checkbestodds.com/football-odds/archive-world-cup-2018/2010,2010-06-11,2010-06-04,2026-06-03,False
2010_2010-06-22_Nigeria_SouthKorea,2010,B,2010-06-22,20:30,Nigeria,South Korea,2.0,2.0,2-2,draw,3.1,3.45,2.57,32.2581,28.9855,38.9105,32.2084,28.9409,38.8506,CheckBestOdds best odds,archive last highest odds; not a one-week historical snapshot,https://checkbestodds.com/football-odds/archive-world-cup-2018/2010,2010-06-11,2010-06-04,2026-06-03,False
2010_2010-06-23_Slovenia_England,2010,C,2010-06-23,16:00,Slovenia,England,0.0,1.0,0-1,away_win,8.5,4.5,1.45,11.7647,22.2222,68.9655,11.4273,21.5849,66.9877,CheckBestOdds best odds,archive last highest odds; not a one-week historical snapshot,https://checkbestodds.com/football-odds/archive-world-cup-2018/2010,2010-06-11,2010-06-04,2026-06-03,False
2010_2010-06-23_USA_Algeria,2010,C,2010-06-23,16:00,USA,Algeria,1.0,0.0,1-0,home_win,1.91,3.7,4.53,52.356,27.027,22.0751,51.6036,26.6386,21.7578,CheckBestOdds best odds,archive last highest odds; not a one-week historical snapshot,https://checkbestodds.com/football-odds/archive-world-cup-2018/2010,2010-06-11,2010-06-04,2026-06-03,False
2010_2010-06-23_Australia_Serbia,2010,D,2010-06-23,20:30,Australia,Serbia,2.0,1.0,2-1,home_win,4.5,3.65,1.91,22.2222,27.3973,52.356,21.7917,26.8665,51.3418,CheckBestOdds best odds,archive last highest odds; not a one-week historical snapshot,https://checkbestodds.com/football-odds/archive-world-cup-2018/2010,2010-06-11,2010-06-04,2026-06-03,False
2010_2010-06-23_Ghana_Germany,2010,D,2010-06-23,20:30,Ghana,Germany,0.0,1.0,0-1,away_win,8.5,4.5,1.5,11.7647,22.2222,66.6667,11.6883,22.0779,66.2338,CheckBestOdds best odds,archive last highest odds; not a one-week historical snapshot,https://checkbestodds.com/football-odds/archive-world-cup-2018/2010,2010-06-11,2010-06-04,2026-06-03,False
2010_2010-06-24_Paraguay_NewZealand,2010,F,2010-06-24,16:00,Paraguay,New Zealand,0.0,0.0,0-0,draw,1.42,4.7,11.7,70.4225,21.2766,8.547,70.2496,21.2244,8.526,CheckBestOdds best odds,archive last highest odds; not a one-week historical snapshot,https://checkbestodds.com/football-odds/archive-world-cup-2018/2010,2010-06-11,2010-06-04,2026-06-03,False
2010_2010-06-24_Slovakia_Italy,2010,F,2010-06-24,16:00,Slovakia,Italy,3.0,2.0,3-2,home_win,7.0,4.0,1.58,14.2857,25.0,63.2911,13.9268,24.372,61.7012,CheckBestOdds best odds,archive last highest odds; not a one-week historical snapshot,https://checkbestodds.com/football-odds/archive-world-cup-2018/2010,2010-06-11,2010-06-04,2026-06-03,False
2010_2010-06-24_Cameroon_Netherlands,2010,E,2010-06-24,20:30,Cameroon,Netherlands,1.0,2.0,1-2,away_win,5.75,3.85,1.7,17.3913,25.974,58.8235,17.0188,25.4177,57.5635,CheckBestOdds best odds,archive last highest odds; not a one-week historical snapshot,https://checkbestodds.com/football-odds/archive-world-cup-2018/2010,2010-06-11,2010-06-04,2026-06-03,False
2010_2010-06-24_Denmark_Japan,2010,E,2010-06-24,20:30,Denmark,Japan,1.0,3.0,1-3,away_win,2.42,3.3,3.4,41.3223,30.303,29.4118,40.8982,29.992,29.1099,CheckBestOdds best odds,archive last highest odds; not a one-week historical snapshot,https://checkbestodds.com/football-odds/archive-world-cup-2018/2010,2010-06-11,2010-06-04,2026-06-03,False
2010_2010-06-25_NorthKorea_IvoryCoast,2010,G,2010-06-25,16:00,North Korea,Ivory Coast,0.0,3.0,0-3,away_win,11.0,5.3,1.38,9.0909,18.8679,72.4638,9.0527,18.7885,72.1588,CheckBestOdds best odds,archive last highest odds; not a one-week historical snapshot,https://checkbestodds.com/football-odds/archive-world-cup-2018/2010,2010-06-11,2010-06-04,2026-06-03,False
2010_2010-06-25_Portugal_Brazil,2010,G,2010-06-25,16:00,Portugal,Brazil,0.0,0.0,0-0,draw,3.6,3.0,2.57,27.7778,33.3333,38.9105,27.7718,33.3261,38.9021,CheckBestOdds best odds,archive last highest odds; not a one-week historical snapshot,https://checkbestodds.com/football-odds/archive-world-cup-2018/2010,2010-06-11,2010-06-04,2026-06-03,False
2010_2010-06-25_Chile_Spain,2010,H,2010-06-25,20:30,Chile,Spain,1.0,2.0,1-2,away_win,7.0,4.33,1.57,14.2857,23.0947,63.6943,14.1338,22.8491,63.017,CheckBestOdds best odds,archive last highest odds; not a one-week historical snapshot,https://checkbestodds.com/football-odds/archive-world-cup-2018/2010,2010-06-11,2010-06-04,2026-06-03,False
2010_2010-06-25_Switzerland_Honduras,2010,H,2010-06-25,20:30,Switzerland,Honduras,0.0,0.0,0-0,draw,1.59,4.19,6.95,62.8931,23.8663,14.3885,62.1793,23.5955,14.2252,CheckBestOdds best odds,archive last highest odds; not a one-week historical snapshot,https://checkbestodds.com/football-odds/archive-world-cup-2018/2010,2010-06-11,2010-06-04,2026-06-03,False
2014_2014-06-12_Brazil_Croatia,2014,,2014-06-12,21:00:00,Brazil,Croatia,3.0,1.0,3-1,home_win,1.31,5.11,12.02,76.3359,19.5695,8.3195,73.2416,18.7762,7.9822,Football-Data market average odds,Football-Data average odds; public workbook does not expose one-week historical snapshot,https://www.football-data.co.uk/data,2014-06-12,2014-06-05,2026-06-03,False
2014_2014-06-13_Mexico_Cameroon,2014,,2014-06-13,17:00:00,Mexico,Cameroon,1.0,0.0,1-0,home_win,2.18,3.14,3.74,45.8716,31.8471,26.738,43.9144,30.4884,25.5972,Football-Data market average odds,Football-Data average odds; public workbook does not expose one-week historical snapshot,https://www.football-data.co.uk/data,2014-06-12,2014-06-05,2026-06-03,False
2014_2014-06-13_Spain_Netherlands,2014,,2014-06-13,20:00:00,Spain,Netherlands,1.0,5.0,1-5,away_win,1.84,3.32,4.99,54.3478,30.1205,20.0401,52.0033,28.8211,19.1756,Football-Data market average odds,Football-Data average odds; public workbook does not expose one-week historical snapshot,https://www.football-data.co.uk/data,2014-06-12,2014-06-05,2026-06-03,False
2014_2014-06-13_Chile_Australia,2014,,2014-06-13,23:00:00,Chile,Australia,3.0,1.0,3-1,home_win,1.42,4.4,8.63,70.4225,22.7273,11.5875,67.2373,21.6993,11.0634,Football-Data market average odds,Football-Data average odds; public workbook does not expose one-week historical snapshot,https://www.football-data.co.uk/data,2014-06-12,2014-06-05,2026-06-03,False
2014_2014-06-14_Colombia_Greece,2014,,2014-06-14,17:00:00,Colombia,Greece,3.0,0.0,3-0,home_win,1.84,3.26,5.12,54.3478,30.6748,19.5312,51.9807,29.3388,18.6806,Football-Data market average odds,Football-Data average odds; public workbook does not expose one-week historical snapshot,https://www.football-data.co.uk/data,2014-06-12,2014-06-05,2026-06-03,False
2014_2014-06-14_Uruguay_CostaRica,2014,,2014-06-14,20:00:00,Uruguay,Costa Rica,1.0,3.0,1-3,away_win,1.44,4.2,9.02,69.4444,23.8095,11.0865,66.5556,22.8191,10.6253,Football-Data market average odds,Football-Data average odds; public workbook does not expose one-week historical snapshot,https://www.football-data.co.uk/data,2014-06-12,2014-06-05,2026-06-03,False
2014_2014-06-14_England_Italy,2014,,2014-06-14,23:00:00,England,Italy,1.0,2.0,1-2,away_win,2.51,2.99,3.23,39.8406,33.4448,30.9598,38.2182,32.0828,29.699,Football-Data market average odds,Football-Data average odds; public workbook does not expose one-week historical snapshot,https://www.football-data.co.uk/data,2014-06-12,2014-06-05,2026-06-03,False
2014_2014-06-15_IvoryCoast_Japan,2014,,2014-06-15,02:00:00,Ivory Coast,Japan,2.0,1.0,2-1,home_win,2.68,3.31,2.7,37.3134,30.2115,37.037,35.6855,28.8934,35.4211,Football-Data market average odds,Football-Data average odds; public workbook does not expose one-week historical snapshot,https://www.football-data.co.uk/data,2014-06-12,2014-06-05,2026-06-03,False
2014_2014-06-15_Switzerland_Ecuador,2014,,2014-06-15,17:00:00,Switzerland,Ecuador,2.0,1.0,2-1,home_win,2.4,3.21,3.13,41.6667,31.1526,31.9489,39.7703,29.7348,30.4948,Football-Data market average odds,Football-Data average odds; public workbook does not expose one-week historical snapshot,https://www.football-data.co.uk/data,2014-06-12,2014-06-05,2026-06-03,False
2014_2014-06-15_France_Honduras,2014,,2014-06-15,20:00:00,France,Honduras,3.0,0.0,3-0,home_win,1.26,5.89,12.4,79.3651,16.9779,8.0645,76.0147,16.2612,7.7241,Football-Data market average odds,Football-Data average odds; public workbook does not expose one-week historical snapshot,https://www.football-data.co.uk/data,2014-06-12,2014-06-05,2026-06-03,False
2014_2014-06-15_Argentina_BosniaHerzegovina,2014,,2014-06-15,23:00:00,Argentina,Bosnia & Herzegovina,2.0,1.0,2-1,home_win,1.31,5.56,10.24,76.3359,17.9856,9.7656,73.3385,17.2794,9.3822,Football-Data market average odds,Football-Data average odds; public workbook does not expose one-week historical snapshot,https://www.football-data.co.uk/data,2014-06-12,2014-06-05,2026-06-03,False
2014_2014-06-16_Germany_Portugal,2014,,2014-06-16,17:00:00,Germany,Portugal,4.0,0.0,4-0,home_win,2.07,3.49,3.64,48.3092,28.6533,27.4725,46.2577,27.4365,26.3059,Football-Data market average odds,Football-Data average odds; public workbook does not expose one-week historical snapshot,https://www.football-data.co.uk/data,2014-06-12,2014-06-05,2026-06-03,False
2014_2014-06-16_Iran_Nigeria,2014,,2014-06-16,20:00:00,Iran,Nigeria,0.0,0.0,0-0,draw,4.77,3.43,1.84,20.9644,29.1545,54.3478,20.068,27.908,52.0241,Football-Data market average odds,Football-Data average odds; public workbook does not expose one-week historical snapshot,https://www.football-data.co.uk/data,2014-06-12,2014-06-05,2026-06-03,False
2014_2014-06-16_Ghana_USA,2014,,2014-06-16,23:00:00,Ghana,USA,1.0,2.0,1-2,away_win,2.42,3.39,2.99,41.3223,29.4985,33.4448,39.6318,28.2917,32.0765,Football-Data market average odds,Football-Data average odds; public workbook does not expose one-week historical snapshot,https://www.football-data.co.uk/data,2014-06-12,2014-06-05,2026-06-03,False
2014_2014-06-17_Belgium_Algeria,2014,,2014-06-17,17:00:00,Belgium,Algeria,2.0,1.0,2-1,home_win,1.34,5.14,9.89,74.6269,19.4553,10.1112,71.6234,18.6723,9.7043,Football-Data market average odds,Football-Data average odds; public workbook does not expose one-week historical snapshot,https://www.football-data.co.uk/data,2014-06-12,2014-06-05,2026-06-03,False
2014_2014-06-17_Brazil_Mexico,2014,,2014-06-17,20:00:00,Brazil,Mexico,0.0,0.0,0-0,draw,1.34,5.25,9.17,74.6269,19.0476,10.9051,71.3589,18.2135,10.4276,Football-Data market average odds,Football-Data average odds; public workbook does not expose one-week historical snapshot,https://www.football-data.co.uk/data,2014-06-12,2014-06-05,2026-06-03,False
2014_2014-06-17_Russia_SouthKorea,2014,,2014-06-17,23:00:00,Russia,South Korea,1.0,1.0,1-1,draw,1.83,3.56,4.6,54.6448,28.0899,21.7391,52.3048,26.887,20.8082,Football-Data market average odds,Football-Data average odds; public workbook does not expose one-week historical snapshot,https://www.football-data.co.uk/data,2014-06-12,2014-06-05,2026-06-03,False
2014_2014-06-18_Australia_Netherlands,2014,,2014-06-18,17:00:00,Australia,Netherlands,2.0,3.0,2-3,away_win,12.68,6.48,1.24,7.8864,15.4321,80.6452,7.5858,14.8437,77.5705,Football-Data market average odds,Football-Data average odds; public workbook does not expose one-week historical snapshot,https://www.football-data.co.uk/data,2014-06-12,2014-06-05,2026-06-03,False
2014_2014-06-18_Spain_Chile,2014,,2014-06-18,20:00:00,Spain,Chile,0.0,2.0,0-2,away_win,1.57,4.41,5.55,63.6943,22.6757,18.018,61.0168,21.7225,17.2606,Football-Data market average odds,Football-Data average odds; public workbook does not expose one-week historical snapshot,https://www.football-data.co.uk/data,2014-06-12,2014-06-05,2026-06-03,False
2014_2014-06-18_Cameroon_Croatia,2014,,2014-06-18,23:00:00,Cameroon,Croatia,0.0,4.0,0-4,away_win,5.46,3.89,1.65,18.315,25.7069,60.6061,17.5049,24.5698,57.9253,Football-Data market average odds,Football-Data average odds; public workbook does not expose one-week historical snapshot,https://www.football-data.co.uk/data,2014-06-12,2014-06-05,2026-06-03,False
2014_2014-06-19_Colombia_IvoryCoast,2014,,2014-06-19,17:00:00,Colombia,Ivory Coast,2.0,1.0,2-1,home_win,2.02,3.49,3.8,49.505,28.6533,26.3158,47.3849,27.4262,25.1888,Football-Data market average odds,Football-Data average odds; public workbook does not expose one-week historical snapshot,https://www.football-data.co.uk/data,2014-06-12,2014-06-05,2026-06-03,False
2014_2014-06-19_Uruguay_England,2014,,2014-06-19,20:00:00,Uruguay,England,2.0,1.0,2-1,home_win,3.75,3.74,1.97,26.6667,26.738,50.7614,25.6002,25.6686,48.7313,Football-Data market average odds,Football-Data average odds; public workbook does not expose one-week historical snapshot,https://www.football-data.co.uk/data,2014-06-12,2014-06-05,2026-06-03,False
2014_2014-06-19_Japan_Greece,2014,,2014-06-19,23:00:00,Japan,Greece,0.0,0.0,0-0,draw,2.38,3.33,3.06,42.0168,30.03,32.6797,40.1205,28.6747,31.2048,Football-Data market average odds,Football-Data average odds; public workbook does not expose one-week historical snapshot,https://www.football-data.co.uk/data,2014-06-12,2014-06-05,2026-06-03,False
2014_2014-06-20_Italy_CostaRica,2014,,2014-06-20,17:00:00,Italy,Costa Rica,0.0,1.0,0-1,away_win,1.56,4.01,6.59,64.1026,24.9377,15.1745,61.5101,23.9291,14.5608,Football-Data market average odds,Football-Data average odds; public workbook does not expose one-week historical snapshot,https://www.football-data.co.uk/data,2014-06-12,2014-06-05,2026-06-03,False
2014_2014-06-20_Switzerland_France,2014,,2014-06-20,20:00:00,Switzerland,France,2.0,5.0,2-5,away_win,4.62,3.47,1.84,21.645,28.8184,54.3478,20.6514,27.4956,51.853,Football-Data market average odds,Football-Data average odds; public workbook does not expose one-week historical snapshot,https://www.football-data.co.uk/data,2014-06-12,2014-06-05,2026-06-03,False
2014_2014-06-20_Honduras_Ecuador,2014,,2014-06-20,23:00:00,Honduras,Ecuador,1.0,2.0,1-2,away_win,5.72,4.14,1.6,17.4825,24.1546,62.5,16.788,23.195,60.017,Football-Data market average odds,Football-Data average odds; public workbook does not expose one-week historical snapshot,https://www.football-data.co.uk/data,2014-06-12,2014-06-05,2026-06-03,False
2014_2014-06-21_Argentina_Iran,2014,,2014-06-21,17:00:00,Argentina,Iran,1.0,0.0,1-0,home_win,1.14,8.4,20.55,87.7193,11.9048,4.8662,83.9498,11.3932,4.6571,Football-Data market average odds,Football-Data average odds; public workbook does not expose one-week historical snapshot,https://www.football-data.co.uk/data,2014-06-12,2014-06-05,2026-06-03,False
2014_2014-06-21_Germany_Ghana,2014,,2014-06-21,20:00:00,Germany,Ghana,2.0,2.0,2-2,draw,1.33,5.49,9.0,75.188,18.2149,11.1111,71.9406,17.4282,10.6312,Football-Data market average odds,Football-Data average odds; public workbook does not expose one-week historical snapshot,https://www.football-data.co.uk/data,2014-06-12,2014-06-05,2026-06-03,False
2014_2014-06-21_Nigeria_BosniaHerzegovina,2014,,2014-06-21,23:00:00,Nigeria,Bosnia & Herzegovina,1.0,0.0,1-0,home_win,4.21,3.61,1.89,23.753,27.7008,52.9101,22.7598,26.5426,50.6977,Football-Data market average odds,Football-Data average odds; public workbook does not expose one-week historical snapshot,https://www.football-data.co.uk/data,2014-06-12,2014-06-05,2026-06-03,False
2014_2014-06-22_Belgium_Russia,2014,,2014-06-22,17:00:00,Belgium,Russia,1.0,0.0,1-0,home_win,2.21,3.31,3.43,45.2489,30.2115,29.1545,43.2528,28.8788,27.8684,Football-Data market average odds,Football-Data average odds; public workbook does not expose one-week historical snapshot,https://www.football-data.co.uk/data,2014-06-12,2014-06-05,2026-06-03,False
2014_2014-06-22_SouthKorea_Algeria,2014,,2014-06-22,20:00:00,South Korea,Algeria,2.0,4.0,2-4,away_win,2.49,3.25,2.96,40.1606,30.7692,33.7838,38.3528,29.3842,32.263,Football-Data market average odds,Football-Data average odds; public workbook does not expose one-week historical snapshot,https://www.football-data.co.uk/data,2014-06-12,2014-06-05,2026-06-03,False
2014_2014-06-22_USA_Portugal,2014,,2014-06-22,23:00:00,USA,Portugal,2.0,2.0,2-2,draw,4.58,4.01,1.73,21.8341,24.9377,57.8035,20.8788,23.8466,55.2746,Football-Data market average odds,Football-Data average odds; public workbook does not expose one-week historical snapshot,https://www.football-data.co.uk/data,2014-06-12,2014-06-05,2026-06-03,False
2014_2014-06-23_Australia_Spain,2014,,2014-06-23,17:00:00,Australia,Spain,0.0,3.0,0-3,away_win,8.1,5.28,1.37,12.3457,18.9394,72.9927,11.8392,18.1624,69.9983,Football-Data market average odds,Football-Data average odds; public workbook does not expose one-week historical snapshot,https://www.football-data.co.uk/data,2014-06-12,2014-06-05,2026-06-03,False
2014_2014-06-23_Netherlands_Chile,2014,,2014-06-23,17:00:00,Netherlands,Chile,2.0,0.0,2-0,home_win,2.65,3.48,2.62,37.7358,28.7356,38.1679,36.0627,27.4616,36.4757,Football-Data market average odds,Football-Data average odds; public workbook does not expose one-week historical snapshot,https://www.football-data.co.uk/data,2014-06-12,2014-06-05,2026-06-03,False
2014_2014-06-23_Cameroon_Brazil,2014,,2014-06-23,21:00:00,Cameroon,Brazil,1.0,4.0,1-4,away_win,21.53,9.45,1.13,4.6447,10.582,88.4956,4.478,10.2023,85.3197,Football-Data market average odds,Football-Data average odds; public workbook does not expose one-week historical snapshot,https://www.football-data.co.uk/data,2014-06-12,2014-06-05,2026-06-03,False
2014_2014-06-23_Croatia_Mexico,2014,,2014-06-23,21:00:00,Croatia,Mexico,1.0,3.0,1-3,away_win,2.68,3.43,2.61,37.3134,29.1545,38.3142,35.6105,27.8239,36.5656,Football-Data market average odds,Football-Data average odds; public workbook does not expose one-week historical snapshot,https://www.football-data.co.uk/data,2014-06-12,2014-06-05,2026-06-03,False
2014_2014-06-24_CostaRica_England,2014,,2014-06-24,17:00:00,Costa Rica,England,0.0,0.0,0-0,draw,4.52,3.96,1.76,22.1239,25.2525,56.8182,21.2332,24.2359,54.5308,Football-Data market average odds,Football-Data average odds; public workbook does not expose one-week historical snapshot,https://www.football-data.co.uk/data,2014-06-12,2014-06-05,2026-06-03,False
2014_2014-06-24_Italy_Uruguay,2014,,2014-06-24,17:00:00,Italy,Uruguay,0.0,1.0,0-1,away_win,2.53,3.44,2.76,39.5257,29.0698,36.2319,37.7055,27.7311,34.5634,Football-Data market average odds,Football-Data average odds; public workbook does not expose one-week historical snapshot,https://www.football-data.co.uk/data,2014-06-12,2014-06-05,2026-06-03,False
2014_2014-06-24_Greece_IvoryCoast,2014,,2014-06-24,21:00:00,Greece,Ivory Coast,2.0,1.0,2-1,home_win,3.92,3.56,1.97,25.5102,28.0899,50.7614,24.4441,26.9159,48.64,Football-Data market average odds,Football-Data average odds; public workbook does not expose one-week historical snapshot,https://www.football-data.co.uk/data,2014-06-12,2014-06-05,2026-06-03,False
2014_2014-06-24_Japan_Colombia,2014,,2014-06-24,21:00:00,Japan,Colombia,1.0,4.0,1-4,away_win,3.44,3.68,2.07,29.0698,27.1739,48.3092,27.8039,25.9906,46.2055,Football-Data market average odds,Football-Data average odds; public workbook does not expose one-week historical snapshot,https://www.football-data.co.uk/data,2014-06-12,2014-06-05,2026-06-03,False
2014_2014-06-25_BosniaHerzegovina_Iran,2014,,2014-06-25,17:00:00,Bosnia & Herzegovina,Iran,3.0,1.0,3-1,home_win,2.18,3.52,3.33,45.8716,28.4091,30.03,43.9759,27.2351,28.789,Football-Data market average odds,Football-Data average odds; public workbook does not expose one-week historical snapshot,https://www.football-data.co.uk/data,2014-06-12,2014-06-05,2026-06-03,False
2014_2014-06-25_Nigeria_Argentina,2014,,2014-06-25,17:00:00,Nigeria,Argentina,2.0,3.0,2-3,away_win,9.37,4.19,1.43,10.6724,23.8663,69.9301,10.2158,22.8454,66.9387,Football-Data market average odds,Football-Data average odds; public workbook does not expose one-week historical snapshot,https://www.football-data.co.uk/data,2014-06-12,2014-06-05,2026-06-03,False
2014_2014-06-25_Ecuador_France,2014,,2014-06-25,21:00:00,Ecuador,France,0.0,0.0,0-0,draw,5.44,4.07,1.62,18.3824,24.57,61.7284,17.5604,23.4714,58.9682,Football-Data market average odds,Football-Data average odds; public workbook does not expose one-week historical snapshot,https://www.football-data.co.uk/data,2014-06-12,2014-06-05,2026-06-03,False
2014_2014-06-25_Honduras_Switzerland,2014,,2014-06-25,21:00:00,Honduras,Switzerland,0.0,3.0,0-3,away_win,6.92,4.4,1.49,14.4509,22.7273,67.1141,13.8561,21.7919,64.352,Football-Data market average odds,Football-Data average odds; public workbook does not expose one-week historical snapshot,https://www.football-data.co.uk/data,2014-06-12,2014-06-05,2026-06-03,False
2014_2014-06-26_Portugal_Ghana,2014,,2014-06-26,17:00:00,Portugal,Ghana,2.0,1.0,2-1,home_win,1.76,4.76,3.75,56.8182,21.0084,26.6667,54.375,20.105,25.52,Football-Data market average odds,Football-Data average odds; public workbook does not expose one-week historical snapshot,https://www.football-data.co.uk/data,2014-06-12,2014-06-05,2026-06-03,False
2014_2014-06-26_USA_Germany,2014,,2014-06-26,17:00:00,USA,Germany,0.0,1.0,0-1,away_win,8.22,3.12,1.66,12.1655,32.0513,60.241,11.6463,30.6835,57.6702,Football-Data market average odds,Football-Data average odds; public workbook does not expose one-week historical snapshot,https://www.football-data.co.uk/data,2014-06-12,2014-06-05,2026-06-03,False
2014_2014-06-26_Algeria_Russia,2014,,2014-06-26,21:00:00,Algeria,Russia,1.0,1.0,1-1,draw,3.66,3.65,2.0,27.3224,27.3973,50.0,26.091,26.1625,47.7465,Football-Data market average odds,Football-Data average odds; public workbook does not expose one-week historical snapshot,https://www.football-data.co.uk/data,2014-06-12,2014-06-05,2026-06-03,False
2014_2014-06-26_SouthKorea_Belgium,2014,,2014-06-26,21:00:00,South Korea,Belgium,0.0,1.0,0-1,away_win,4.58,3.55,1.83,21.8341,28.169,54.6448,20.8643,26.9179,52.2178,Football-Data market average odds,Football-Data average odds; public workbook does not expose one-week historical snapshot,https://www.football-data.co.uk/data,2014-06-12,2014-06-05,2026-06-03,False
2018_2018-06-14_Russia_SaudiArabia,2018,,2018-06-14,16:00:00,Russia,Saudi Arabia,5.0,0.0,5-0,home_win,1.46,4.32,8.92,68.4932,23.1481,11.2108,66.5939,22.5063,10.8999,Football-Data market average odds,Football-Data average odds; public workbook does not expose one-week historical snapshot,https://www.football-data.co.uk/data,2018-06-14,2018-06-07,2026-06-03,False
2018_2018-06-15_Egypt_Uruguay,2018,,2018-06-15,13:00:00,Egypt,Uruguay,0.0,1.0,0-1,away_win,8.35,4.06,1.5,11.976,24.6305,66.6667,11.5965,23.8499,64.5537,Football-Data market average odds,Football-Data average odds; public workbook does not expose one-week historical snapshot,https://www.football-data.co.uk/data,2018-06-14,2018-06-07,2026-06-03,False
2018_2018-06-15_Morocco_Iran,2018,,2018-06-15,16:00:00,Morocco,Iran,0.0,1.0,0-1,away_win,2.23,2.95,4.11,44.843,33.8983,24.3309,43.5064,32.8879,23.6057,Football-Data market average odds,Football-Data average odds; public workbook does not expose one-week historical snapshot,https://www.football-data.co.uk/data,2018-06-14,2018-06-07,2026-06-03,False
2018_2018-06-15_Portugal_Spain,2018,,2018-06-15,19:00:00,Portugal,Spain,3.0,3.0,3-3,draw,4.3,3.26,2.03,23.2558,30.6748,49.2611,22.5365,29.7261,47.7374,Football-Data market average odds,Football-Data average odds; public workbook does not expose one-week historical snapshot,https://www.football-data.co.uk/data,2018-06-14,2018-06-07,2026-06-03,False
2018_2018-06-16_France_Australia,2018,,2018-06-16,11:00:00,France,Australia,2.0,1.0,2-1,home_win,1.26,6.99,10.6,79.3651,14.3062,9.434,76.9749,13.8753,9.1498,Football-Data market average odds,Football-Data average odds; public workbook does not expose one-week historical snapshot,https://www.football-data.co.uk/data,2018-06-14,2018-06-07,2026-06-03,False
2018_2018-06-16_Argentina_Iceland,2018,,2018-06-16,14:00:00,Argentina,Iceland,1.0,1.0,1-1,draw,1.33,5.31,11.04,75.188,18.8324,9.058,72.9426,18.27,8.7875,Football-Data market average odds,Football-Data average odds; public workbook does not expose one-week historical snapshot,https://www.football-data.co.uk/data,2018-06-14,2018-06-07,2026-06-03,False
2018_2018-06-16_Peru_Denmark,2018,,2018-06-16,17:00:00,Peru,Denmark,0.0,1.0,0-1,away_win,3.68,3.09,2.31,27.1739,32.3625,43.29,26.427,31.4729,42.1001,Football-Data market average odds,Football-Data average odds; public workbook does not expose one-week historical snapshot,https://www.football-data.co.uk/data,2018-06-14,2018-06-07,2026-06-03,False
2018_2018-06-16_Croatia_Nigeria,2018,,2018-06-16,20:00:00,Croatia,Nigeria,2.0,0.0,2-0,home_win,1.68,3.76,5.99,59.5238,26.5957,16.6945,57.8946,25.8678,16.2376,Football-Data market average odds,Football-Data average odds; public workbook does not expose one-week historical snapshot,https://www.football-data.co.uk/data,2018-06-14,2018-06-07,2026-06-03,False
2018_2018-06-17_CostaRica_Serbia,2018,,2018-06-17,13:00:00,Costa Rica,Serbia,0.0,1.0,0-1,away_win,5.29,3.4,1.84,18.9036,29.4118,54.3478,18.4132,28.6488,52.938,Football-Data market average odds,Football-Data average odds; public workbook does not expose one-week historical snapshot,https://www.football-data.co.uk/data,2018-06-14,2018-06-07,2026-06-03,False
2018_2018-06-17_Germany_Mexico,2018,,2018-06-17,16:00:00,Germany,Mexico,0.0,1.0,0-1,away_win,1.49,4.56,7.31,67.1141,21.9298,13.6799,65.3345,21.3483,13.3172,Football-Data market average odds,Football-Data average odds; public workbook does not expose one-week historical snapshot,https://www.football-data.co.uk/data,2018-06-14,2018-06-07,2026-06-03,False
2018_2018-06-17_Brazil_Switzerland,2018,,2018-06-17,19:00:00,Brazil,Switzerland,1.0,1.0,1-1,draw,1.47,4.38,8.2,68.0272,22.8311,12.1951,66.0116,22.1546,11.8338,Football-Data market average odds,Football-Data average odds; public workbook does not expose one-week historical snapshot,https://www.football-data.co.uk/data,2018-06-14,2018-06-07,2026-06-03,False
2018_2018-06-18_Sweden_SouthKorea,2018,,2018-06-18,13:00:00,Sweden,South Korea,1.0,0.0,1-0,home_win,2.27,3.04,3.86,44.0529,32.8947,25.9067,42.8303,31.9819,25.1878,Football-Data market average odds,Football-Data average odds; public workbook does not expose one-week historical snapshot,https://www.football-data.co.uk/data,2018-06-14,2018-06-07,2026-06-03,False
2018_2018-06-18_Belgium_Panama,2018,,2018-06-18,16:00:00,Belgium,Panama,3.0,0.0,3-0,home_win,1.21,6.83,17.92,82.6446,14.6413,5.5804,80.3418,14.2333,5.4249,Football-Data market average odds,Football-Data average odds; public workbook does not expose one-week historical snapshot,https://www.football-data.co.uk/data,2018-06-14,2018-06-07,2026-06-03,False
2018_2018-06-18_Tunisia_England,2018,,2018-06-18,19:00:00,Tunisia,England,1.0,2.0,1-2,away_win,8.47,4.21,1.48,11.8064,23.753,67.5676,11.4484,23.0328,65.5189,Football-Data market average odds,Football-Data average odds; public workbook does not expose one-week historical snapshot,https://www.football-data.co.uk/data,2018-06-14,2018-06-07,2026-06-03,False
2018_2018-06-19_Colombia_Japan,2018,,2018-06-19,13:00:00,Colombia,Japan,1.0,2.0,1-2,away_win,1.88,3.34,5.06,53.1915,29.9401,19.7628,51.6952,29.0979,19.2069,Football-Data market average odds,Football-Data average odds; public workbook does not expose one-week historical snapshot,https://www.football-data.co.uk/data,2018-06-14,2018-06-07,2026-06-03,False
2018_2018-06-19_Poland_Senegal,2018,,2018-06-19,16:00:00,Poland,Senegal,1.0,2.0,1-2,away_win,2.48,3.07,3.32,40.3226,32.5733,30.1205,39.1419,31.6195,29.2385,Football-Data market average odds,Football-Data average odds; public workbook does not expose one-week historical snapshot,https://www.football-data.co.uk/data,2018-06-14,2018-06-07,2026-06-03,False
2018_2018-06-19_Russia_Egypt,2018,,2018-06-19,19:00:00,Russia,Egypt,3.0,1.0,3-1,home_win,1.96,3.51,4.29,51.0204,28.49,23.31,49.6209,27.7085,22.6706,Football-Data market average odds,Football-Data average odds; public workbook does not expose one-week historical snapshot,https://www.football-data.co.uk/data,2018-06-14,2018-06-07,2026-06-03,False
2018_2018-06-20_Portugal_Morocco,2018,,2018-06-20,13:00:00,Portugal,Morocco,1.0,0.0,1-0,home_win,1.7,3.67,5.97,58.8235,27.248,16.7504,57.2091,26.5001,16.2907,Football-Data market average odds,Football-Data average odds; public workbook does not expose one-week historical snapshot,https://www.football-data.co.uk/data,2018-06-14,2018-06-07,2026-06-03,False
2018_2018-06-20_Uruguay_SaudiArabia,2018,,2018-06-20,16:00:00,Uruguay,Saudi Arabia,1.0,0.0,1-0,home_win,1.22,6.62,17.46,81.9672,15.1057,5.7274,79.7344,14.6943,5.5714,Football-Data market average odds,Football-Data average odds; public workbook does not expose one-week historical snapshot,https://www.football-data.co.uk/data,2018-06-14,2018-06-07,2026-06-03,False
2018_2018-06-20_Iran_Spain,2018,,2018-06-20,19:00:00,Iran,Spain,0.0,1.0,0-1,away_win,19.05,6.78,1.21,5.2493,14.7493,82.6446,5.1142,14.3694,80.5164,Football-Data market average odds,Football-Data average odds; public workbook does not expose one-week historical snapshot,https://www.football-data.co.uk/data,2018-06-14,2018-06-07,2026-06-03,False
2018_2018-06-21_Denmark_Australia,2018,,2018-06-21,13:00:00,Denmark,Australia,1.0,1.0,1-1,draw,1.92,3.42,4.62,52.0833,29.2398,21.645,50.582,28.3969,21.0211,Football-Data market average odds,Football-Data average odds; public workbook does not expose one-week historical snapshot,https://www.football-data.co.uk/data,2018-06-14,2018-06-07,2026-06-03,False
2018_2018-06-21_France_Peru,2018,,2018-06-21,16:00:00,France,Peru,1.0,0.0,1-0,home_win,1.62,3.84,6.58,61.7284,26.0417,15.1976,59.9493,25.2911,14.7596,Football-Data market average odds,Football-Data average odds; public workbook does not expose one-week historical snapshot,https://www.football-data.co.uk/data,2018-06-14,2018-06-07,2026-06-03,False
2018_2018-06-21_Argentina_Croatia,2018,,2018-06-21,19:00:00,Argentina,Croatia,0.0,3.0,0-3,away_win,2.1,3.27,4.04,47.619,30.581,24.7525,46.2534,29.704,24.0426,Football-Data market average odds,Football-Data average odds; public workbook does not expose one-week historical snapshot,https://www.football-data.co.uk/data,2018-06-14,2018-06-07,2026-06-03,False
2018_2018-06-22_Brazil_CostaRica,2018,,2018-06-22,13:00:00,Brazil,Costa Rica,2.0,0.0,2-0,home_win,1.21,6.7,18.82,82.6446,14.9254,5.3135,80.3284,14.5071,5.1646,Football-Data market average odds,Football-Data average odds; public workbook does not expose one-week historical snapshot,https://www.football-data.co.uk/data,2018-06-14,2018-06-07,2026-06-03,False
2018_2018-06-22_Nigeria_Iceland,2018,,2018-06-22,16:00:00,Nigeria,Iceland,2.0,0.0,2-0,home_win,2.98,3.07,2.71,33.557,32.5733,36.9004,32.5699,31.6151,35.8149,Football-Data market average odds,Football-Data average odds; public workbook does not expose one-week historical snapshot,https://www.football-data.co.uk/data,2018-06-14,2018-06-07,2026-06-03,False
2018_2018-06-22_Serbia_Switzerland,2018,,2018-06-22,19:00:00,Serbia,Switzerland,1.0,2.0,1-2,away_win,2.74,3.05,2.96,36.4964,32.7869,33.7838,35.4103,31.8112,32.7785,Football-Data market average odds,Football-Data average odds; public workbook does not expose one-week historical snapshot,https://www.football-data.co.uk/data,2018-06-14,2018-06-07,2026-06-03,False
2018_2018-06-23_Belgium_Tunisia,2018,,2018-06-23,13:00:00,Belgium,Tunisia,5.0,2.0,5-2,home_win,1.34,5.08,11.48,74.6269,19.685,8.7108,72.4373,19.1075,8.4552,Football-Data market average odds,Football-Data average odds; public workbook does not expose one-week historical snapshot,https://www.football-data.co.uk/data,2018-06-14,2018-06-07,2026-06-03,False
2018_2018-06-23_SouthKorea_Mexico,2018,,2018-06-23,16:00:00,South Korea,Mexico,1.0,2.0,1-2,away_win,5.56,3.82,1.71,17.9856,26.178,58.4795,17.5225,25.5039,56.9736,Football-Data market average odds,Football-Data average odds; public workbook does not expose one-week historical snapshot,https://www.football-data.co.uk/data,2018-06-14,2018-06-07,2026-06-03,False
2018_2018-06-23_Germany_Sweden,2018,,2018-06-23,19:00:00,Germany,Sweden,2.0,1.0,2-1,home_win,1.47,4.62,7.45,68.0272,21.645,13.4228,65.9849,20.9952,13.0198,Football-Data market average odds,Football-Data average odds; public workbook does not expose one-week historical snapshot,https://www.football-data.co.uk/data,2018-06-14,2018-06-07,2026-06-03,False
2018_2018-06-24_England_Panama,2018,,2018-06-24,13:00:00,England,Panama,6.0,1.0,6-1,home_win,1.22,6.41,18.09,81.9672,15.6006,5.5279,79.5059,15.1322,5.3619,Football-Data market average odds,Football-Data average odds; public workbook does not expose one-week historical snapshot,https://www.football-data.co.uk/data,2018-06-14,2018-06-07,2026-06-03,False
2018_2018-06-24_Japan_Senegal,2018,,2018-06-24,16:00:00,Japan,Senegal,2.0,2.0,2-2,draw,3.16,2.96,2.67,31.6456,33.7838,37.4532,30.7589,32.8372,36.4038,Football-Data market average odds,Football-Data average odds; public workbook does not expose one-week historical snapshot,https://www.football-data.co.uk/data,2018-06-14,2018-06-07,2026-06-03,False
2018_2018-06-24_Poland_Colombia,2018,,2018-06-24,19:00:00,Poland,Colombia,0.0,3.0,0-3,away_win,3.46,3.45,2.22,28.9017,28.9855,45.045,28.0784,28.1598,43.7618,Football-Data market average odds,Football-Data average odds; public workbook does not expose one-week historical snapshot,https://www.football-data.co.uk/data,2018-06-14,2018-06-07,2026-06-03,False
2018_2018-06-25_SaudiArabia_Egypt,2018,,2018-06-25,15:00:00,Saudi Arabia,Egypt,2.0,1.0,2-1,home_win,5.27,3.62,1.78,18.9753,27.6243,56.1798,18.4622,26.8773,54.6605,Football-Data market average odds,Football-Data average odds; public workbook does not expose one-week historical snapshot,https://www.football-data.co.uk/data,2018-06-14,2018-06-07,2026-06-03,False
2018_2018-06-25_Uruguay_Russia,2018,,2018-06-25,15:00:00,Uruguay,Russia,3.0,0.0,3-0,home_win,2.74,3.06,2.96,36.4964,32.6797,33.7838,35.4472,31.7403,32.8126,Football-Data market average odds,Football-Data average odds; public workbook does not expose one-week historical snapshot,https://www.football-data.co.uk/data,2018-06-14,2018-06-07,2026-06-03,False
2018_2018-06-25_Iran_Portugal,2018,,2018-06-25,19:00:00,Iran,Portugal,1.0,1.0,1-1,draw,6.24,4.04,1.61,16.0256,24.7525,62.1118,15.5755,24.0572,60.3672,Football-Data market average odds,Football-Data average odds; public workbook does not expose one-week historical snapshot,https://www.football-data.co.uk/data,2018-06-14,2018-06-07,2026-06-03,False
2018_2018-06-25_Spain_Morocco,2018,,2018-06-25,19:00:00,Spain,Morocco,2.0,2.0,2-2,draw,1.37,5.09,9.86,72.9927,19.6464,10.142,71.0177,19.1148,9.8676,Football-Data market average odds,Football-Data average odds; public workbook does not expose one-week historical snapshot,https://www.football-data.co.uk/data,2018-06-14,2018-06-07,2026-06-03,False
2018_2018-06-26_Australia_Peru,2018,,2018-06-26,15:00:00,Australia,Peru,0.0,2.0,0-2,away_win,2.9,3.5,2.5,34.4828,28.5714,40.0,33.4608,27.7247,38.8145,Football-Data market average odds,Football-Data average odds; public workbook does not expose one-week historical snapshot,https://www.football-data.co.uk/data,2018-06-14,2018-06-07,2026-06-03,False
2018_2018-06-26_Denmark_France,2018,,2018-06-26,15:00:00,Denmark,France,0.0,0.0,0-0,draw,5.27,2.78,2.08,18.9753,35.9712,48.0769,18.4185,34.9156,46.666,Football-Data market average odds,Football-Data average odds; public workbook does not expose one-week historical snapshot,https://www.football-data.co.uk/data,2018-06-14,2018-06-07,2026-06-03,False
2018_2018-06-26_Iceland_Croatia,2018,,2018-06-26,19:00:00,Iceland,Croatia,1.0,2.0,1-2,away_win,4.36,3.93,1.84,22.9358,25.4453,54.3478,22.3265,24.7694,52.9041,Football-Data market average odds,Football-Data average odds; public workbook does not expose one-week historical snapshot,https://www.football-data.co.uk/data,2018-06-14,2018-06-07,2026-06-03,False
2018_2018-06-26_Nigeria_Argentina,2018,,2018-06-26,19:00:00,Nigeria,Argentina,1.0,2.0,1-2,away_win,5.91,5.14,1.5,16.9205,19.4553,66.6667,16.4209,18.8808,64.6983,Football-Data market average odds,Football-Data average odds; public workbook does not expose one-week historical snapshot,https://www.football-data.co.uk/data,2018-06-14,2018-06-07,2026-06-03,False
2018_2018-06-27_Mexico_Sweden,2018,,2018-06-27,15:00:00,Mexico,Sweden,0.0,3.0,0-3,away_win,2.23,3.38,3.52,44.843,29.5858,28.4091,43.6056,28.7693,27.6251,Football-Data market average odds,Football-Data average odds; public workbook does not expose one-week historical snapshot,https://www.football-data.co.uk/data,2018-06-14,2018-06-07,2026-06-03,False
2018_2018-06-27_SouthKorea_Germany,2018,,2018-06-27,15:00:00,South Korea,Germany,2.0,0.0,2-0,home_win,18.76,8.19,1.17,5.3305,12.21,85.4701,5.1747,11.8532,82.9721,Football-Data market average odds,Football-Data average odds; public workbook does not expose one-week historical snapshot,https://www.football-data.co.uk/data,2018-06-14,2018-06-07,2026-06-03,False
2018_2018-06-27_Serbia_Brazil,2018,,2018-06-27,19:00:00,Serbia,Brazil,0.0,2.0,0-2,away_win,7.34,4.64,1.48,13.624,21.5517,67.5676,13.2602,20.9763,65.7635,Football-Data market average odds,Football-Data average odds; public workbook does not expose one-week historical snapshot,https://www.football-data.co.uk/data,2018-06-14,2018-06-07,2026-06-03,False
2018_2018-06-27_Switzerland_CostaRica,2018,,2018-06-27,19:00:00,Switzerland,Costa Rica,2.0,2.0,2-2,draw,1.61,3.68,7.37,62.1118,27.1739,13.5685,60.3882,26.4198,13.192,Football-Data market average odds,Football-Data average odds; public workbook does not expose one-week historical snapshot,https://www.football-data.co.uk/data,2018-06-14,2018-06-07,2026-06-03,False
2018_2018-06-28_Japan_Poland,2018,,2018-06-28,15:00:00,Japan,Poland,0.0,1.0,0-1,away_win,2.96,3.15,2.67,33.7838,31.746,37.4532,32.8052,30.8265,36.3683,Football-Data market average odds,Football-Data average odds; public workbook does not expose one-week historical snapshot,https://www.football-data.co.uk/data,2018-06-14,2018-06-07,2026-06-03,False
2018_2018-06-28_Senegal_Colombia,2018,,2018-06-28,15:00:00,Senegal,Colombia,0.0,1.0,0-1,away_win,5.07,3.79,1.76,19.7239,26.3852,56.8182,19.1629,25.6348,55.2023,Football-Data market average odds,Football-Data average odds; public workbook does not expose one-week historical snapshot,https://www.football-data.co.uk/data,2018-06-14,2018-06-07,2026-06-03,False
2018_2018-06-28_England_Belgium,2018,,2018-06-28,19:00:00,England,Belgium,0.0,1.0,0-1,away_win,2.46,2.85,3.67,40.6504,35.0877,27.248,39.4717,34.0704,26.4579,Football-Data market average odds,Football-Data average odds; public workbook does not expose one-week historical snapshot,https://www.football-data.co.uk/data,2018-06-14,2018-06-07,2026-06-03,False
2018_2018-06-28_Panama_Tunisia,2018,,2018-06-28,19:00:00,Panama,Tunisia,1.0,2.0,1-2,away_win,4.34,3.73,1.88,23.0415,26.8097,53.1915,22.3611,26.018,51.6209,Football-Data market average odds,Football-Data average odds; public workbook does not expose one-week historical snapshot,https://www.football-data.co.uk/data,2018-06-14,2018-06-07,2026-06-03,False
2022_2022-11-20_Qatar_Ecuador,2022,,2022-11-20,16:00:00,Qatar,Ecuador,0.0,2.0,0-2,away_win,3.59,3.11,2.22,27.8552,32.1543,45.045,26.5149,30.6073,42.8778,Football-Data market average odds,Football-Data average odds; public workbook does not expose one-week historical snapshot,https://www.football-data.co.uk/data,2022-11-20,2022-11-13,2026-06-03,False
2022_2022-11-21_England_Iran,2022,,2022-11-21,13:00:00,England,Iran,6.0,2.0,6-2,home_win,1.37,4.56,10.14,72.9927,21.9298,9.8619,69.6599,20.9285,9.4116,Football-Data market average odds,Football-Data average odds; public workbook does not expose one-week historical snapshot,https://www.football-data.co.uk/data,2022-11-20,2022-11-13,2026-06-03,False
2022_2022-11-21_Senegal_Netherlands,2022,,2022-11-21,16:00:00,Senegal,Netherlands,0.0,2.0,0-2,away_win,5.85,3.63,1.65,17.094,27.5482,60.6061,16.2416,26.1745,57.5839,Football-Data market average odds,Football-Data average odds; public workbook does not expose one-week historical snapshot,https://www.football-data.co.uk/data,2022-11-20,2022-11-13,2026-06-03,False
2022_2022-11-21_USA_Wales,2022,,2022-11-21,19:00:00,USA,Wales,1.0,1.0,1-1,draw,2.43,3.07,3.17,41.1523,32.5733,31.5457,39.0916,30.9422,29.9661,Football-Data market average odds,Football-Data average odds; public workbook does not expose one-week historical snapshot,https://www.football-data.co.uk/data,2022-11-20,2022-11-13,2026-06-03,False
2022_2022-11-22_Argentina_SaudiArabia,2022,,2022-11-22,10:00:00,Argentina,Saudi Arabia,1.0,2.0,1-2,away_win,1.11,9.08,25.5,90.0901,11.0132,3.9216,85.7798,10.4863,3.7339,Football-Data market average odds,Football-Data average odds; public workbook does not expose one-week historical snapshot,https://www.football-data.co.uk/data,2022-11-20,2022-11-13,2026-06-03,False
2022_2022-11-22_Denmark_Tunisia,2022,,2022-11-22,13:00:00,Denmark,Tunisia,0.0,0.0,0-0,draw,1.57,3.82,6.45,63.6943,26.178,15.5039,60.4447,24.8424,14.7129,Football-Data market average odds,Football-Data average odds; public workbook does not expose one-week historical snapshot,https://www.football-data.co.uk/data,2022-11-20,2022-11-13,2026-06-03,False
2022_2022-11-22_Mexico_Poland,2022,,2022-11-22,16:00:00,Mexico,Poland,0.0,0.0,0-0,draw,2.47,3.09,3.09,40.4858,32.3625,32.3625,38.4807,30.7597,30.7597,Football-Data market average odds,Football-Data average odds; public workbook does not expose one-week historical snapshot,https://www.football-data.co.uk/data,2022-11-20,2022-11-13,2026-06-03,False
2022_2022-11-22_France_Australia,2022,,2022-11-22,19:00:00,France,Australia,4.0,1.0,4-1,home_win,1.2,6.58,13.69,83.3333,15.1976,7.3046,78.7385,14.3596,6.9018,Football-Data market average odds,Football-Data average odds; public workbook does not expose one-week historical snapshot,https://www.football-data.co.uk/data,2022-11-20,2022-11-13,2026-06-03,False
2022_2022-11-23_Morocco_Croatia,2022,,2022-11-23,10:00:00,Morocco,Croatia,0.0,0.0,0-0,draw,3.44,3.22,2.21,29.0698,31.0559,45.2489,27.5871,29.4719,42.941,Football-Data market average odds,Football-Data average odds; public workbook does not expose one-week historical snapshot,https://www.football-data.co.uk/data,2022-11-20,2022-11-13,2026-06-03,False
2022_2022-11-23_Germany_Japan,2022,,2022-11-23,13:00:00,Germany,Japan,1.0,2.0,1-2,away_win,1.41,4.85,7.17,70.922,20.6186,13.947,67.2326,19.546,13.2215,Football-Data market average odds,Football-Data average odds; public workbook does not expose one-week historical snapshot,https://www.football-data.co.uk/data,2022-11-20,2022-11-13,2026-06-03,False
2022_2022-11-23_Spain_CostaRica,2022,,2022-11-23,16:00:00,Spain,Costa Rica,7.0,0.0,7-0,home_win,1.14,8.33,17.4,87.7193,12.0048,5.7471,83.1689,11.3821,5.449,Football-Data market average odds,Football-Data average odds; public workbook does not expose one-week historical snapshot,https://www.football-data.co.uk/data,2022-11-20,2022-11-13,2026-06-03,False
2022_2022-11-23_Belgium_Canada,2022,,2022-11-23,19:00:00,Belgium,Canada,1.0,0.0,1-0,home_win,1.57,4.16,5.74,63.6943,24.0385,17.4216,60.5722,22.8602,16.5677,Football-Data market average odds,Football-Data average odds; public workbook does not expose one-week historical snapshot,https://www.football-data.co.uk/data,2022-11-20,2022-11-13,2026-06-03,False
2022_2022-11-24_Switzerland_Cameroon,2022,,2022-11-24,10:00:00,Switzerland,Cameroon,1.0,0.0,1-0,home_win,1.8,3.37,4.95,55.5556,29.6736,20.202,52.6937,28.145,19.1613,Football-Data market average odds,Football-Data average odds; public workbook does not expose one-week historical snapshot,https://www.football-data.co.uk/data,2022-11-20,2022-11-13,2026-06-03,False
2022_2022-11-24_Uruguay_SouthKorea,2022,,2022-11-24,13:00:00,Uruguay,South Korea,0.0,0.0,0-0,draw,1.77,3.46,4.94,56.4972,28.9017,20.2429,53.4799,27.3582,19.1618,Football-Data market average odds,Football-Data average odds; public workbook does not expose one-week historical snapshot,https://www.football-data.co.uk/data,2022-11-20,2022-11-13,2026-06-03,False
2022_2022-11-24_Portugal_Ghana,2022,,2022-11-24,16:00:00,Portugal,Ghana,3.0,2.0,3-2,home_win,1.29,5.38,10.4,77.5194,18.5874,9.6154,73.3237,17.5813,9.095,Football-Data market average odds,Football-Data average odds; public workbook does not expose one-week historical snapshot,https://www.football-data.co.uk/data,2022-11-20,2022-11-13,2026-06-03,False
2022_2022-11-24_Brazil_Serbia,2022,,2022-11-24,19:00:00,Brazil,Serbia,2.0,0.0,2-0,home_win,1.44,4.46,7.08,69.4444,22.4215,14.1243,65.5196,21.1543,13.326,Football-Data market average odds,Football-Data average odds; public workbook does not expose one-week historical snapshot,https://www.football-data.co.uk/data,2022-11-20,2022-11-13,2026-06-03,False
2022_2022-11-25_Wales_Iran,2022,,2022-11-25,10:00:00,Wales,Iran,0.0,2.0,0-2,away_win,2.11,3.16,3.76,47.3934,31.6456,26.5957,44.8653,29.9576,25.1771,Football-Data market average odds,Football-Data average odds; public workbook does not expose one-week historical snapshot,https://www.football-data.co.uk/data,2022-11-20,2022-11-13,2026-06-03,False
2022_2022-11-25_Qatar_Senegal,2022,,2022-11-25,13:00:00,Qatar,Senegal,1.0,3.0,1-3,away_win,5.44,3.55,1.7,18.3824,28.169,58.8235,17.4447,26.7322,55.8231,Football-Data market average odds,Football-Data average odds; public workbook does not expose one-week historical snapshot,https://www.football-data.co.uk/data,2022-11-20,2022-11-13,2026-06-03,False
2022_2022-11-25_Netherlands_Ecuador,2022,,2022-11-25,16:00:00,Netherlands,Ecuador,1.0,1.0,1-1,draw,1.83,3.36,4.75,54.6448,29.7619,21.0526,51.816,28.2212,19.9628,Football-Data market average odds,Football-Data average odds; public workbook does not expose one-week historical snapshot,https://www.football-data.co.uk/data,2022-11-20,2022-11-13,2026-06-03,False
2022_2022-11-25_England_USA,2022,,2022-11-25,19:00:00,England,USA,0.0,0.0,0-0,draw,1.46,4.14,7.69,68.4932,24.1546,13.0039,64.8292,22.8625,12.3083,Football-Data market average odds,Football-Data average odds; public workbook does not expose one-week historical snapshot,https://www.football-data.co.uk/data,2022-11-20,2022-11-13,2026-06-03,False
2022_2022-11-26_Tunisia_Australia,2022,,2022-11-26,10:00:00,Tunisia,Australia,0.0,1.0,0-1,away_win,2.16,3.27,3.51,46.2963,30.581,28.49,43.938,29.0233,27.0388,Football-Data market average odds,Football-Data average odds; public workbook does not expose one-week historical snapshot,https://www.football-data.co.uk/data,2022-11-20,2022-11-13,2026-06-03,False
2022_2022-11-26_Poland_SaudiArabia,2022,,2022-11-26,13:00:00,Poland,Saudi Arabia,2.0,0.0,2-0,home_win,1.7,3.54,5.45,58.8235,28.2486,18.3486,55.7988,26.796,17.4051,Football-Data market average odds,Football-Data average odds; public workbook does not expose one-week historical snapshot,https://www.football-data.co.uk/data,2022-11-20,2022-11-13,2026-06-03,False
2022_2022-11-26_France_Denmark,2022,,2022-11-26,16:00:00,France,Denmark,2.0,1.0,2-1,home_win,1.81,3.47,4.67,55.2486,28.8184,21.4133,52.3781,27.3212,20.3007,Football-Data market average odds,Football-Data average odds; public workbook does not expose one-week historical snapshot,https://www.football-data.co.uk/data,2022-11-20,2022-11-13,2026-06-03,False
2022_2022-11-26_Argentina_Mexico,2022,,2022-11-26,19:00:00,Argentina,Mexico,2.0,0.0,2-0,home_win,1.52,3.89,7.1,65.7895,25.7069,14.0845,62.3119,24.3481,13.34,Football-Data market average odds,Football-Data average odds; public workbook does not expose one-week historical snapshot,https://www.football-data.co.uk/data,2022-11-20,2022-11-13,2026-06-03,False
2022_2022-11-27_Japan_CostaRica,2022,,2022-11-27,10:00:00,Japan,Costa Rica,0.0,1.0,0-1,away_win,1.47,4.15,7.36,68.0272,24.0964,13.587,64.3523,22.7947,12.853,Football-Data market average odds,Football-Data average odds; public workbook does not expose one-week historical snapshot,https://www.football-data.co.uk/data,2022-11-20,2022-11-13,2026-06-03,False
2022_2022-11-27_Belgium_Morocco,2022,,2022-11-27,13:00:00,Belgium,Morocco,0.0,2.0,0-2,away_win,1.88,3.35,4.41,53.1915,29.8507,22.6757,50.3145,28.2362,21.4493,Football-Data market average odds,Football-Data average odds; public workbook does not expose one-week historical snapshot,https://www.football-data.co.uk/data,2022-11-20,2022-11-13,2026-06-03,False
2022_2022-11-27_Croatia_Canada,2022,,2022-11-27,16:00:00,Croatia,Canada,4.0,1.0,4-1,home_win,2.2,3.23,3.47,45.4545,30.9598,28.8184,43.1943,29.4203,27.3854,Football-Data market average odds,Football-Data average odds; public workbook does not expose one-week historical snapshot,https://www.football-data.co.uk/data,2022-11-20,2022-11-13,2026-06-03,False
2022_2022-11-27_Spain_Germany,2022,,2022-11-27,19:00:00,Spain,Germany,1.0,1.0,1-1,draw,2.5,3.38,2.79,40.0,29.5858,35.8423,37.9406,28.0625,33.9969,Football-Data market average odds,Football-Data average odds; public workbook does not expose one-week historical snapshot,https://www.football-data.co.uk/data,2022-11-20,2022-11-13,2026-06-03,False
2022_2022-11-28_Cameroon_Serbia,2022,,2022-11-28,10:00:00,Cameroon,Serbia,3.0,3.0,3-3,draw,5.17,3.73,1.69,19.3424,26.8097,59.1716,18.3647,25.4546,56.1808,Football-Data market average odds,Football-Data average odds; public workbook does not expose one-week historical snapshot,https://www.football-data.co.uk/data,2022-11-20,2022-11-13,2026-06-03,False
2022_2022-11-28_SouthKorea_Ghana,2022,,2022-11-28,13:00:00,South Korea,Ghana,2.0,3.0,2-3,away_win,2.7,3.07,2.79,37.037,32.5733,35.8423,35.122,30.889,33.989,Football-Data market average odds,Football-Data average odds; public workbook does not expose one-week historical snapshot,https://www.football-data.co.uk/data,2022-11-20,2022-11-13,2026-06-03,False
2022_2022-11-28_Brazil_Switzerland,2022,,2022-11-28,16:00:00,Brazil,Switzerland,1.0,0.0,1-0,home_win,1.47,4.19,7.4,68.0272,23.8663,13.5135,64.5376,22.6421,12.8203,Football-Data market average odds,Football-Data average odds; public workbook does not expose one-week historical snapshot,https://www.football-data.co.uk/data,2022-11-20,2022-11-13,2026-06-03,False
2022_2022-11-28_Portugal_Uruguay,2022,,2022-11-28,19:00:00,Portugal,Uruguay,2.0,0.0,2-0,home_win,1.92,3.29,4.34,52.0833,30.3951,23.0415,49.3588,28.8051,21.8361,Football-Data market average odds,Football-Data average odds; public workbook does not expose one-week historical snapshot,https://www.football-data.co.uk/data,2022-11-20,2022-11-13,2026-06-03,False
2022_2022-11-29_Ecuador_Senegal,2022,,2022-11-29,15:00:00,Ecuador,Senegal,1.0,2.0,1-2,away_win,2.44,3.01,3.18,40.9836,33.2226,31.4465,38.7909,31.4451,29.7641,Football-Data market average odds,Football-Data average odds; public workbook does not expose one-week historical snapshot,https://www.football-data.co.uk/data,2022-11-20,2022-11-13,2026-06-03,False
2022_2022-11-29_Netherlands_Qatar,2022,,2022-11-29,15:00:00,Netherlands,Qatar,2.0,0.0,2-0,home_win,1.19,6.81,14.61,84.0336,14.6843,6.8446,79.6055,13.9105,6.484,Football-Data market average odds,Football-Data average odds; public workbook does not expose one-week historical snapshot,https://www.football-data.co.uk/data,2022-11-20,2022-11-13,2026-06-03,False
2022_2022-11-29_Iran_USA,2022,,2022-11-29,19:00:00,Iran,USA,0.0,1.0,0-1,away_win,4.03,3.45,1.93,24.8139,28.9855,51.8135,23.4951,27.4451,49.0598,Football-Data market average odds,Football-Data average odds; public workbook does not expose one-week historical snapshot,https://www.football-data.co.uk/data,2022-11-20,2022-11-13,2026-06-03,False
2022_2022-11-29_Wales_England,2022,,2022-11-29,19:00:00,Wales,England,0.0,3.0,0-3,away_win,8.45,4.35,1.41,11.8343,22.9885,70.922,11.1914,21.7396,67.069,Football-Data market average odds,Football-Data average odds; public workbook does not expose one-week historical snapshot,https://www.football-data.co.uk/data,2022-11-20,2022-11-13,2026-06-03,False
2022_2022-11-30_Australia_Denmark,2022,,2022-11-30,15:00:00,Australia,Denmark,1.0,0.0,1-0,home_win,7.65,4.66,1.4,13.0719,21.4592,71.4286,12.3367,20.2523,67.4111,Football-Data market average odds,Football-Data average odds; public workbook does not expose one-week historical snapshot,https://www.football-data.co.uk/data,2022-11-20,2022-11-13,2026-06-03,False
2022_2022-11-30_Tunisia_France,2022,,2022-11-30,15:00:00,Tunisia,France,1.0,0.0,1-0,home_win,5.84,3.81,1.61,17.1233,26.2467,62.1118,16.2334,24.8827,58.8839,Football-Data market average odds,Football-Data average odds; public workbook does not expose one-week historical snapshot,https://www.football-data.co.uk/data,2022-11-20,2022-11-13,2026-06-03,False
2022_2022-11-30_Poland_Argentina,2022,,2022-11-30,19:00:00,Poland,Argentina,0.0,2.0,0-2,away_win,8.15,4.44,1.41,12.2699,22.5225,70.922,11.6067,21.3051,67.0883,Football-Data market average odds,Football-Data average odds; public workbook does not expose one-week historical snapshot,https://www.football-data.co.uk/data,2022-11-20,2022-11-13,2026-06-03,False
2022_2022-11-30_SaudiArabia_Mexico,2022,,2022-11-30,19:00:00,Saudi Arabia,Mexico,1.0,2.0,1-2,away_win,5.4,4.13,1.6,18.5185,24.2131,62.5,17.5979,23.0093,59.3928,Football-Data market average odds,Football-Data average odds; public workbook does not expose one-week historical snapshot,https://www.football-data.co.uk/data,2022-11-20,2022-11-13,2026-06-03,False
2022_2022-12-01_Canada_Morocco,2022,,2022-12-01,15:00:00,Canada,Morocco,1.0,2.0,1-2,away_win,4.71,3.41,1.82,21.2314,29.3255,54.9451,20.1242,27.7962,52.0796,Football-Data market average odds,Football-Data average odds; public workbook does not expose one-week historical snapshot,https://www.football-data.co.uk/data,2022-11-20,2022-11-13,2026-06-03,False
2022_2022-12-01_Croatia_Belgium,2022,,2022-12-01,15:00:00,Croatia,Belgium,0.0,0.0,0-0,draw,2.97,3.34,2.38,33.67,29.9401,42.0168,31.8764,28.3451,39.7785,Football-Data market average odds,Football-Data average odds; public workbook does not expose one-week historical snapshot,https://www.football-data.co.uk/data,2022-11-20,2022-11-13,2026-06-03,False
2022_2022-12-01_CostaRica_Germany,2022,,2022-12-01,19:00:00,Costa Rica,Germany,2.0,4.0,2-4,away_win,24.4,10.6,1.09,4.0984,9.434,91.7431,3.893,8.9612,87.1458,Football-Data market average odds,Football-Data average odds; public workbook does not expose one-week historical snapshot,https://www.football-data.co.uk/data,2022-11-20,2022-11-13,2026-06-03,False
2022_2022-12-01_Japan_Spain,2022,,2022-12-01,19:00:00,Japan,Spain,2.0,1.0,2-1,home_win,6.98,4.35,1.46,14.3266,22.9885,68.4932,13.5402,21.7266,64.7332,Football-Data market average odds,Football-Data average odds; public workbook does not expose one-week historical snapshot,https://www.football-data.co.uk/data,2022-11-20,2022-11-13,2026-06-03,False
2022_2022-12-02_Ghana_Uruguay,2022,,2022-12-02,15:00:00,Ghana,Uruguay,0.0,2.0,0-2,away_win,4.53,3.74,1.77,22.0751,26.738,56.4972,20.9619,25.3897,53.6483,Football-Data market average odds,Football-Data average odds; public workbook does not expose one-week historical snapshot,https://www.football-data.co.uk/data,2022-11-20,2022-11-13,2026-06-03,False
2022_2022-12-02_SouthKorea_Portugal,2022,,2022-12-02,15:00:00,South Korea,Portugal,2.0,1.0,2-1,home_win,4.25,3.73,1.82,23.5294,26.8097,54.9451,22.3485,25.4641,52.1874,Football-Data market average odds,Football-Data average odds; public workbook does not expose one-week historical snapshot,https://www.football-data.co.uk/data,2022-11-20,2022-11-13,2026-06-03,False
2022_2022-12-02_Cameroon_Brazil,2022,,2022-12-02,19:00:00,Cameroon,Brazil,1.0,0.0,1-0,home_win,8.95,5.19,1.33,11.1732,19.2678,75.188,10.5778,18.241,71.1812,Football-Data market average odds,Football-Data average odds; public workbook does not expose one-week historical snapshot,https://www.football-data.co.uk/data,2022-11-20,2022-11-13,2026-06-03,False
2022_2022-12-02_Serbia_Switzerland,2022,,2022-12-02,19:00:00,Serbia,Switzerland,2.0,3.0,2-3,away_win,2.51,3.31,2.81,39.8406,30.2115,35.5872,37.7138,28.5987,33.6875,Football-Data market average odds,Football-Data average odds; public workbook does not expose one-week historical snapshot,https://www.football-data.co.uk/data,2022-11-20,2022-11-13,2026-06-03,False
2026_2026-06-11_Mexico_SouthAfrica,2026,A,2026-06-11,12:00 PM MST,Mexico,South Africa,,,,,1.512820512820513,4.4,8.5,66.1017,22.7273,11.7647,65.7116,22.5931,11.6953,Oddschecker best listed odds,current browsed odds on 2026-06-03; requested one-week date is 2026-06-04,https://www.oddschecker.com/us/soccer/world-cup,2026-06-11,2026-06-04,2026-06-03,False
2026_2026-06-11_KoreaRepublic_Czechia,2026,A,2026-06-11,7:00 PM MST,Korea Republic,Czechia,,,,,2.65,3.2,2.85,37.7358,31.25,35.0877,36.2588,30.0268,33.7143,Oddschecker best listed odds,current browsed odds on 2026-06-03; requested one-week date is 2026-06-04,https://www.oddschecker.com/us/soccer/world-cup,2026-06-11,2026-06-04,2026-06-03,False
2026_2026-06-12_Canada_BosniaandHerzegovina,2026,B,2026-06-12,12:00 PM MST,Canada,Bosnia and Herzegovina,,,,,1.833333333333333,3.7,4.5,54.5455,27.027,22.2222,52.5513,26.0389,21.4098,Oddschecker best listed odds,current browsed odds on 2026-06-03; requested one-week date is 2026-06-04,https://www.oddschecker.com/us/soccer/world-cup,2026-06-11,2026-06-04,2026-06-03,False
2026_2026-06-12_USA_Paraguay,2026,D,2026-06-12,6:00 PM MST,USA,Paraguay,,,,,2.0,3.45,4.0,50.0,28.9855,25.0,48.0836,27.8746,24.0418,Oddschecker best listed odds,current browsed odds on 2026-06-03; requested one-week date is 2026-06-04,https://www.oddschecker.com/us/soccer/world-cup,2026-06-11,2026-06-04,2026-06-03,False
2026_2026-06-13_Qatar_Switzerland,2026,B,2026-06-13,12:00 PM MST,Qatar,Switzerland,,,,,12.5,6.5,1.307692307692308,8.0,15.3846,76.4706,8.0116,15.4069,76.5815,Oddschecker best listed odds,current browsed odds on 2026-06-03; requested one-week date is 2026-06-04,https://www.oddschecker.com/us/soccer/world-cup,2026-06-11,2026-06-04,2026-06-03,False
2026_2026-06-13_Brazil_Morocco,2026,C,2026-06-13,3:00 PM MST,Brazil,Morocco,,,,,1.625,4.0,5.8,61.5385,25.0,17.2414,59.2971,24.0895,16.6134,Oddschecker best listed odds,current browsed odds on 2026-06-03; requested one-week date is 2026-06-04,https://www.oddschecker.com/us/soccer/world-cup,2026-06-11,2026-06-04,2026-06-03,False
2026_2026-06-13_Haiti_Scotland,2026,C,2026-06-13,6:00 PM MST,Haiti,Scotland,,,,,7.0,4.75,1.478468899521531,14.2857,21.0526,67.6375,13.8729,20.4442,65.6829,Oddschecker best listed odds,current browsed odds on 2026-06-03; requested one-week date is 2026-06-04,https://www.oddschecker.com/us/soccer/world-cup,2026-06-11,2026-06-04,2026-06-03,False
2026_2026-06-13_Australia_Turkiye,2026,D,2026-06-13,9:00 PM MST,Australia,Turkiye,,,,,4.8,3.7,1.8,20.8333,27.027,55.5556,20.1452,26.1343,53.7205,Oddschecker best listed odds,current browsed odds on 2026-06-03; requested one-week date is 2026-06-04,https://www.oddschecker.com/us/soccer/world-cup,2026-06-11,2026-06-04,2026-06-03,False
2026_2026-06-14_Germany_Curacao,2026,E,2026-06-14,10:00 AM MST,Germany,Curacao,,,,,1.05,19.0,51.0,95.2381,5.2632,1.9608,92.9496,5.1367,1.9137,Oddschecker best listed odds,current browsed odds on 2026-06-03; requested one-week date is 2026-06-04,https://www.oddschecker.com/us/soccer/world-cup,2026-06-11,2026-06-04,2026-06-03,False
2026_2026-06-14_Netherlands_Japan,2026,F,2026-06-14,1:00 PM MST,Netherlands,Japan,,,,,2.0,3.75,3.8,50.0,26.6667,26.3158,48.552,25.8944,25.5537,Oddschecker best listed odds,current browsed odds on 2026-06-03; requested one-week date is 2026-06-04,https://www.oddschecker.com/us/soccer/world-cup,2026-06-11,2026-06-04,2026-06-03,False
2026_2026-06-14_IvoryCoast_Ecuador,2026,E,2026-06-14,4:00 PM MST,Ivory Coast,Ecuador,,,,,3.75,3.0,2.35,26.6667,33.3333,42.5532,26.0028,32.5035,41.4938,Oddschecker best listed odds,current browsed odds on 2026-06-03; requested one-week date is 2026-06-04,https://www.oddschecker.com/us/soccer/world-cup,2026-06-11,2026-06-04,2026-06-03,False
2026_2026-06-14_Sweden_Tunisia,2026,F,2026-06-14,7:00 PM MST,Sweden,Tunisia,,,,,2.0,3.4,4.2,50.0,29.4118,23.8095,48.4396,28.4939,23.0665,Oddschecker best listed odds,current browsed odds on 2026-06-03; requested one-week date is 2026-06-04,https://www.oddschecker.com/us/soccer/world-cup,2026-06-11,2026-06-04,2026-06-03,False
2026_2026-06-15_Belgium_Egypt,2026,H,2026-06-15,12:00 PM MST,Belgium,Egypt,,,,,1.666666666666667,4.0,5.3,60.0,25.0,18.8679,57.7657,24.069,18.1653,Oddschecker best listed odds,current browsed odds on 2026-06-03; requested one-week date is 2026-06-04,https://www.oddschecker.com/us/soccer/world-cup,2026-06-11,2026-06-04,2026-06-03,False
2026_2026-06-15_SaudiArabia_Uruguay,2026,G,2026-06-15,3:00 PM MST,Saudi Arabia,Uruguay,,,,,7.0,4.5,1.48780487804878,14.2857,22.2222,67.2131,13.7732,21.425,64.8018,Oddschecker best listed odds,current browsed odds on 2026-06-03; requested one-week date is 2026-06-04,https://www.oddschecker.com/us/soccer/world-cup,2026-06-11,2026-06-04,2026-06-03,False
2026_2026-06-15_IRIran_NewZealand,2026,H,2026-06-15,6:00 PM MST,IR Iran,New Zealand,,,,,1.909090909090909,3.6,4.4,52.381,27.7778,22.7273,50.9116,26.9986,22.0898,Oddschecker best listed odds,current browsed odds on 2026-06-03; requested one-week date is 2026-06-04,https://www.oddschecker.com/us/soccer/world-cup,2026-06-11,2026-06-04,2026-06-03,False
2026_2026-06-15_Spain_CapeVerde,2026,G,2026-06-15,9:00 AM MST,Spain,Cape Verde,,,,,1.1,11.0,36.0,90.9091,9.0909,2.7778,88.4521,8.8452,2.7027,Oddschecker best listed odds,current browsed odds on 2026-06-03; requested one-week date is 2026-06-04,https://www.oddschecker.com/us/soccer/world-cup,2026-06-11,2026-06-04,2026-06-03,False
2026_2026-06-16_France_Senegal,2026,I,2026-06-16,12:00 PM MST,France,Senegal,,,,,1.454545454545455,4.7,7.5,68.75,21.2766,13.3333,66.5151,20.585,12.8999,Oddschecker best listed odds,current browsed odds on 2026-06-03; requested one-week date is 2026-06-04,https://www.oddschecker.com/us/soccer/world-cup,2026-06-11,2026-06-04,2026-06-03,False
2026_2026-06-16_Iraq_Norway,2026,I,2026-06-16,3:00 PM MST,Iraq,Norway,,,,,15.0,7.0,1.289855072463768,6.6667,14.2857,77.5281,6.7695,14.5061,78.7243,Oddschecker best listed odds,current browsed odds on 2026-06-03; requested one-week date is 2026-06-04,https://www.oddschecker.com/us/soccer/world-cup,2026-06-11,2026-06-04,2026-06-03,False
2026_2026-06-16_Argentina_Algeria,2026,J,2026-06-16,6:00 PM MST,Argentina,Algeria,,,,,1.416666666666667,4.75,9.0,70.5882,21.0526,11.1111,68.6977,20.4888,10.8135,Oddschecker best listed odds,current browsed odds on 2026-06-03; requested one-week date is 2026-06-04,https://www.oddschecker.com/us/soccer/world-cup,2026-06-11,2026-06-04,2026-06-03,False
2026_2026-06-16_Austria_Jordan,2026,J,2026-06-16,9:00 PM MST,Austria,Jordan,,,,,1.333333333333333,5.75,9.0,75.0,17.3913,11.1111,72.4621,16.8028,10.7351,Oddschecker best listed odds,current browsed odds on 2026-06-03; requested one-week date is 2026-06-04,https://www.oddschecker.com/us/soccer/world-cup,2026-06-11,2026-06-04,2026-06-03,False
2026_2026-06-17_Portugal_CongoDR,2026,K,2026-06-17,10:00 AM MST,Portugal,Congo DR,,,,,1.269541778975741,6.0,11.0,78.7686,16.6667,9.0909,75.3578,15.945,8.6973,Oddschecker best listed odds,current browsed odds on 2026-06-03; requested one-week date is 2026-06-04,https://www.oddschecker.com/us/soccer/world-cup,2026-06-11,2026-06-04,2026-06-03,False
2026_2026-06-17_England_Croatia,2026,L,2026-06-17,1:00 PM MST,England,Croatia,,,,,1.740740740740741,3.85,5.25,57.4468,25.974,19.0476,56.0629,25.3483,18.5888,Oddschecker best listed odds,current browsed odds on 2026-06-03; requested one-week date is 2026-06-04,https://www.oddschecker.com/us/soccer/world-cup,2026-06-11,2026-06-04,2026-06-03,False
2026_2026-06-17_Uzbekistan_Colombia,2026,K,2026-06-17,3:00 PM MST,Uzbekistan,Colombia,,,,,8.0,4.6,1.454545454545455,12.5,21.7391,68.75,12.1372,21.1082,66.7546,Oddschecker best listed odds,current browsed odds on 2026-06-03; requested one-week date is 2026-06-04,https://www.oddschecker.com/us/soccer/world-cup,2026-06-11,2026-06-04,2026-06-03,False
2026_2026-06-17_Ghana_Panama,2026,L,2026-06-17,4:00 PM MST,Ghana,Panama,,,,,2.05,3.5,3.8,48.7805,28.5714,26.3158,47.0547,27.5606,25.3848,Oddschecker best listed odds,current browsed odds on 2026-06-03; requested one-week date is 2026-06-04,https://www.oddschecker.com/us/soccer/world-cup,2026-06-11,2026-06-04,2026-06-03,False
2026_2026-06-18_Switzerland_BosniaandHerzegovina,2026,B,2026-06-18,12:00 PM MST,Switzerland,Bosnia and Herzegovina,,,,,1.588235294117647,4.1,6.0,62.963,24.3902,16.6667,60.5297,23.4477,16.0226,Oddschecker best listed odds,current browsed odds on 2026-06-03; requested one-week date is 2026-06-04,https://www.oddschecker.com/us/soccer/world-cup,2026-06-11,2026-06-04,2026-06-03,False
2026_2026-06-18_Canada_Qatar,2026,B,2026-06-18,3:00 PM MST,Canada,Qatar,,,,,1.350877192982456,5.4,9.5,74.026,18.5185,10.5263,71.8205,17.9668,10.2127,Oddschecker best listed odds,current browsed odds on 2026-06-03; requested one-week date is 2026-06-04,https://www.oddschecker.com/us/soccer/world-cup,2026-06-11,2026-06-04,2026-06-03,False
2026_2026-06-18_Mexico_KoreaRepublic,2026,A,2026-06-18,6:00 PM MST,Mexico,Korea Republic,,,,,1.833333333333333,3.55,4.6,54.5455,28.169,21.7391,52.2198,26.968,20.8122,Oddschecker best listed odds,current browsed odds on 2026-06-03; requested one-week date is 2026-06-04,https://www.oddschecker.com/us/soccer/world-cup,2026-06-11,2026-06-04,2026-06-03,False
2026_2026-06-18_Czechia_SouthAfrica,2026,A,2026-06-18,9:00 AM MST,Czechia,South Africa,,,,,2.0,3.3,4.1,50.0,30.303,24.3902,47.7586,28.9446,23.2969,Oddschecker best listed odds,current browsed odds on 2026-06-03; requested one-week date is 2026-06-04,https://www.oddschecker.com/us/soccer/world-cup,2026-06-11,2026-06-04,2026-06-03,False
2026_2026-06-19_USA_Australia,2026,D,2026-06-19,12:00 PM MST,USA,Australia,,,,,1.769230769230769,3.95,4.8,56.5217,25.3165,20.8333,55.051,24.6577,20.2912,Oddschecker best listed odds,current browsed odds on 2026-06-03; requested one-week date is 2026-06-04,https://www.oddschecker.com/us/soccer/world-cup,2026-06-11,2026-06-04,2026-06-03,False
2026_2026-06-19_Scotland_Morocco,2026,C,2026-06-19,3:00 PM MST,Scotland,Morocco,,,,,3.95,3.3,2.05,25.3165,30.303,48.7805,24.2495,29.0259,46.7246,Oddschecker best listed odds,current browsed odds on 2026-06-03; requested one-week date is 2026-06-04,https://www.oddschecker.com/us/soccer/world-cup,2026-06-11,2026-06-04,2026-06-03,False
2026_2026-06-19_Brazil_Haiti,2026,C,2026-06-19,5:30 PM MST,Brazil,Haiti,,,,,1.05,17.0,36.0,95.2381,5.8824,2.7778,91.6648,5.6616,2.6736,Oddschecker best listed odds,current browsed odds on 2026-06-03; requested one-week date is 2026-06-04,https://www.oddschecker.com/us/soccer/world-cup,2026-06-11,2026-06-04,2026-06-03,False
2026_2026-06-19_Turkiye_Paraguay,2026,D,2026-06-19,8:00 PM MST,Turkiye,Paraguay,,,,,2.25,3.2,3.45,44.4444,31.25,28.9855,42.4575,29.8529,27.6896,Oddschecker best listed odds,current browsed odds on 2026-06-03; requested one-week date is 2026-06-04,https://www.oddschecker.com/us/soccer/world-cup,2026-06-11,2026-06-04,2026-06-03,False
2026_2026-06-20_Netherlands_Sweden,2026,F,2026-06-20,10:00 AM MST,Netherlands,Sweden,,,,,1.645161290322581,4.1,5.25,60.7843,24.3902,19.0476,58.3219,23.4022,18.276,Oddschecker best listed odds,current browsed odds on 2026-06-03; requested one-week date is 2026-06-04,https://www.oddschecker.com/us/soccer/world-cup,2026-06-11,2026-06-04,2026-06-03,False
2026_2026-06-20_Germany_IvoryCoast,2026,E,2026-06-20,1:00 PM MST,Germany,Ivory Coast,,,,,1.555555555555556,4.4,5.9,64.2857,22.7273,16.9492,61.8357,21.8611,16.3032,Oddschecker best listed odds,current browsed odds on 2026-06-03; requested one-week date is 2026-06-04,https://www.oddschecker.com/us/soccer/world-cup,2026-06-11,2026-06-04,2026-06-03,False
2026_2026-06-20_Ecuador_Curacao,2026,E,2026-06-20,5:00 PM MST,Ecuador,Curacao,,,,,1.235294117647059,6.5,12.0,80.9524,15.3846,8.3333,77.3403,14.6982,7.9615,Oddschecker best listed odds,current browsed odds on 2026-06-03; requested one-week date is 2026-06-04,https://www.oddschecker.com/us/soccer/world-cup,2026-06-11,2026-06-04,2026-06-03,False
2026_2026-06-20_Tunisia_Japan,2026,F,2026-06-20,9:00 PM MST,Tunisia,Japan,,,,,4.75,3.5,1.8,21.0526,28.5714,55.5556,20.0159,27.1644,52.8197,Oddschecker best listed odds,current browsed odds on 2026-06-03; requested one-week date is 2026-06-04,https://www.oddschecker.com/us/soccer/world-cup,2026-06-11,2026-06-04,2026-06-03,False
2026_2026-06-21_Belgium_IRIran,2026,H,2026-06-21,12:00 PM MST,Belgium,IR Iran,,,,,1.408163265306122,4.8,8.0,71.0145,20.8333,12.5,68.0556,19.9653,11.9792,Oddschecker best listed odds,current browsed odds on 2026-06-03; requested one-week date is 2026-06-04,https://www.oddschecker.com/us/soccer/world-cup,2026-06-11,2026-06-04,2026-06-03,False
2026_2026-06-21_Uruguay_CapeVerde,2026,G,2026-06-21,3:00 PM MST,Uruguay,Cape Verde,,,,,1.444444444444444,4.6,7.5,69.2308,21.7391,13.3333,66.3745,20.8422,12.7832,Oddschecker best listed odds,current browsed odds on 2026-06-03; requested one-week date is 2026-06-04,https://www.oddschecker.com/us/soccer/world-cup,2026-06-11,2026-06-04,2026-06-03,False
2026_2026-06-21_NewZealand_Egypt,2026,H,2026-06-21,6:00 PM MST,New Zealand,Egypt,,,,,5.75,3.9,1.714285714285714,17.3913,25.641,58.3333,17.157,25.2956,57.5474,Oddschecker best listed odds,current browsed odds on 2026-06-03; requested one-week date is 2026-06-04,https://www.oddschecker.com/us/soccer/world-cup,2026-06-11,2026-06-04,2026-06-03,False
2026_2026-06-21_Spain_SaudiArabia,2026,G,2026-06-21,9:00 AM MST,Spain,Saudi Arabia,,,,,1.111111111111111,10.0,23.0,90.0,10.0,4.3478,86.25,9.5833,4.1667,Oddschecker best listed odds,current browsed odds on 2026-06-03; requested one-week date is 2026-06-04,https://www.oddschecker.com/us/soccer/world-cup,2026-06-11,2026-06-04,2026-06-03,False
2026_2026-06-22_Argentina_Austria,2026,J,2026-06-22,10:00 AM MST,Argentina,Austria,,,,,1.645161290322581,3.85,5.5,60.7843,25.974,18.1818,57.9228,24.7513,17.3259,Oddschecker best listed odds,current browsed odds on 2026-06-03; requested one-week date is 2026-06-04,https://www.oddschecker.com/us/soccer/world-cup,2026-06-11,2026-06-04,2026-06-03,False
2026_2026-06-22_France_Iraq,2026,I,2026-06-22,2:00 PM MST,France,Iraq,,,,,1.125,9.0,23.0,88.8889,11.1111,4.3478,85.1852,10.6481,4.1667,Oddschecker best listed odds,current browsed odds on 2026-06-03; requested one-week date is 2026-06-04,https://www.oddschecker.com/us/soccer/world-cup,2026-06-11,2026-06-04,2026-06-03,False
2026_2026-06-22_Norway_Senegal,2026,I,2026-06-22,5:00 PM MST,Norway,Senegal,,,,,2.1,3.55,3.5,47.619,28.169,28.5714,45.6298,26.9923,27.3779,Oddschecker best listed odds,current browsed odds on 2026-06-03; requested one-week date is 2026-06-04,https://www.oddschecker.com/us/soccer/world-cup,2026-06-11,2026-06-04,2026-06-03,False
2026_2026-06-22_Jordan_Algeria,2026,J,2026-06-22,8:00 PM MST,Jordan,Algeria,,,,,5.5,4.0,1.649350649350649,18.1818,25.0,60.6299,17.5142,24.0821,58.4037,Oddschecker best listed odds,current browsed odds on 2026-06-03; requested one-week date is 2026-06-04,https://www.oddschecker.com/us/soccer/world-cup,2026-06-11,2026-06-04,2026-06-03,False
2026_2026-06-23_Portugal_Uzbekistan,2026,K,2026-06-23,10:00 AM MST,Portugal,Uzbekistan,,,,,1.25,6.5,11.0,80.0,15.3846,9.0909,76.573,14.7256,8.7015,Oddschecker best listed odds,current browsed odds on 2026-06-03; requested one-week date is 2026-06-04,https://www.oddschecker.com/us/soccer/world-cup,2026-06-11,2026-06-04,2026-06-03,False
2026_2026-06-23_England_Ghana,2026,L,2026-06-23,1:00 PM MST,England,Ghana,,,,,1.32258064516129,5.5,9.0,75.6098,18.1818,11.1111,72.0761,17.3321,10.5918,Oddschecker best listed odds,current browsed odds on 2026-06-03; requested one-week date is 2026-06-04,https://www.oddschecker.com/us/soccer/world-cup,2026-06-11,2026-06-04,2026-06-03,False
2026_2026-06-23_Panama_Croatia,2026,L,2026-06-23,4:00 PM MST,Panama,Croatia,,,,,7.0,4.3,1.5,14.2857,23.2558,66.6667,13.7088,22.3167,63.9745,Oddschecker best listed odds,current browsed odds on 2026-06-03; requested one-week date is 2026-06-04,https://www.oddschecker.com/us/soccer/world-cup,2026-06-11,2026-06-04,2026-06-03,False
2026_2026-06-23_Colombia_CongoDR,2026,K,2026-06-23,7:00 PM MST,Colombia,Congo DR,,,,,1.48780487804878,4.2,7.5,67.2131,23.8095,13.3333,64.4075,22.8157,12.7768,Oddschecker best listed odds,current browsed odds on 2026-06-03; requested one-week date is 2026-06-04,https://www.oddschecker.com/us/soccer/world-cup,2026-06-11,2026-06-04,2026-06-03,False
2026_2026-06-24_BosniaandHerzegovina_Qatar,2026,B,2026-06-24,12:00 PM MST,Bosnia and Herzegovina,Qatar,,,,,1.606060606060606,3.95,5.9,62.2642,25.3165,16.9492,59.566,24.2194,16.2147,Oddschecker best listed odds,current browsed odds on 2026-06-03; requested one-week date is 2026-06-04,https://www.oddschecker.com/us/soccer/world-cup,2026-06-11,2026-06-04,2026-06-03,False
2026_2026-06-24_Switzerland_Canada,2026,B,2026-06-24,12:00 PM MST,Switzerland,Canada,,,,,2.1,3.4,3.65,47.619,29.4118,27.3973,45.5999,28.1646,26.2355,Oddschecker best listed odds,current browsed odds on 2026-06-03; requested one-week date is 2026-06-04,https://www.oddschecker.com/us/soccer/world-cup,2026-06-11,2026-06-04,2026-06-03,False
2026_2026-06-24_Morocco_Haiti,2026,C,2026-06-24,3:00 PM MST,Morocco,Haiti,,,,,1.222222222222222,6.5,14.0,81.8182,15.3846,7.1429,78.4107,14.7439,6.8454,Oddschecker best listed odds,current browsed odds on 2026-06-03; requested one-week date is 2026-06-04,https://www.oddschecker.com/us/soccer/world-cup,2026-06-11,2026-06-04,2026-06-03,False
2026_2026-06-24_Scotland_Brazil,2026,C,2026-06-24,3:00 PM MST,Scotland,Brazil,,,,,8.0,4.9,1.4,12.5,20.4082,71.4286,11.9804,19.5599,68.4597,Oddschecker best listed odds,current browsed odds on 2026-06-03; requested one-week date is 2026-06-04,https://www.oddschecker.com/us/soccer/world-cup,2026-06-11,2026-06-04,2026-06-03,False
2026_2026-06-24_Czechia_Mexico,2026,A,2026-06-24,6:00 PM MST,Czechia,Mexico,,,,,4.7,3.65,1.833333333333333,21.2766,27.3973,54.5455,20.613,26.5428,52.8442,Oddschecker best listed odds,current browsed odds on 2026-06-03; requested one-week date is 2026-06-04,https://www.oddschecker.com/us/soccer/world-cup,2026-06-11,2026-06-04,2026-06-03,False
2026_2026-06-24_SouthAfrica_KoreaRepublic,2026,A,2026-06-24,6:00 PM MST,South Africa,Korea Republic,,,,,4.0,3.45,1.952380952380952,25.0,28.9855,51.2195,23.7631,27.5514,48.6854,Oddschecker best listed odds,current browsed odds on 2026-06-03; requested one-week date is 2026-06-04,https://www.oddschecker.com/us/soccer/world-cup,2026-06-11,2026-06-04,2026-06-03,False
2026_2026-06-25_Curacao_IvoryCoast,2026,E,2026-06-25,1:00 PM MST,Curacao,Ivory Coast,,,,,9.5,5.5,1.333333333333333,10.5263,18.1818,75.0,10.1499,17.5317,72.3183,Oddschecker best listed odds,current browsed odds on 2026-06-03; requested one-week date is 2026-06-04,https://www.oddschecker.com/us/soccer/world-cup,2026-06-11,2026-06-04,2026-06-03,False
2026_2026-06-25_Ecuador_Germany,2026,E,2026-06-25,1:00 PM MST,Ecuador,Germany,,,,,5.1,4.0,1.666666666666667,19.6078,25.0,60.0,18.7441,23.8988,57.3571,Oddschecker best listed odds,current browsed odds on 2026-06-03; requested one-week date is 2026-06-04,https://www.oddschecker.com/us/soccer/world-cup,2026-06-11,2026-06-04,2026-06-03,False
2026_2026-06-25_Japan_Sweden,2026,F,2026-06-25,4:00 PM MST,Japan,Sweden,,,,,2.05,3.45,3.65,48.7805,28.9855,27.3973,46.3855,27.5624,26.0521,Oddschecker best listed odds,current browsed odds on 2026-06-03; requested one-week date is 2026-06-04,https://www.oddschecker.com/us/soccer/world-cup,2026-06-11,2026-06-04,2026-06-03,False
2026_2026-06-25_Tunisia_Netherlands,2026,F,2026-06-25,4:00 PM MST,Tunisia,Netherlands,,,,,6.5,4.3,1.512820512820513,15.3846,23.2558,66.1017,14.6881,22.2029,63.109,Oddschecker best listed odds,current browsed odds on 2026-06-03; requested one-week date is 2026-06-04,https://www.oddschecker.com/us/soccer/world-cup,2026-06-11,2026-06-04,2026-06-03,False
2026_2026-06-25_Paraguay_Australia,2026,D,2026-06-25,7:00 PM MST,Paraguay,Australia,,,,,2.2,3.3,3.55,45.4545,30.303,28.169,43.7372,29.1581,27.1047,Oddschecker best listed odds,current browsed odds on 2026-06-03; requested one-week date is 2026-06-04,https://www.oddschecker.com/us/soccer/world-cup,2026-06-11,2026-06-04,2026-06-03,False
2026_2026-06-25_Turkiye_USA,2026,D,2026-06-25,7:00 PM MST,Turkiye,USA,,,,,2.8,3.45,2.5,35.7143,28.9855,40.0,34.1111,27.6844,38.2045,Oddschecker best listed odds,current browsed odds on 2026-06-03; requested one-week date is 2026-06-04,https://www.oddschecker.com/us/soccer/world-cup,2026-06-11,2026-06-04,2026-06-03,False
2026_2026-06-26_Norway_France,2026,I,2026-06-26,12:00 PM MST,Norway,France,,,,,4.5,3.65,1.8,22.2222,27.3973,55.5556,21.1288,26.0492,52.822,Oddschecker best listed odds,current browsed odds on 2026-06-03; requested one-week date is 2026-06-04,https://www.oddschecker.com/us/soccer/world-cup,2026-06-11,2026-06-04,2026-06-03,False
2026_2026-06-26_Senegal_Iraq,2026,I,2026-06-26,12:00 PM MST,Senegal,Iraq,,,,,1.444444444444444,4.5,7.5,69.2308,22.2222,13.3333,66.0685,21.2072,12.7243,Oddschecker best listed odds,current browsed odds on 2026-06-03; requested one-week date is 2026-06-04,https://www.oddschecker.com/us/soccer/world-cup,2026-06-11,2026-06-04,2026-06-03,False
2026_2026-06-26_CapeVerde_SaudiArabia,2026,G,2026-06-26,5:00 PM MST,Cape Verde,Saudi Arabia,,,,,2.65,3.4,2.8,37.7358,29.4118,35.7143,36.6859,28.5934,34.7206,Oddschecker best listed odds,current browsed odds on 2026-06-03; requested one-week date is 2026-06-04,https://www.oddschecker.com/us/soccer/world-cup,2026-06-11,2026-06-04,2026-06-03,False
2026_2026-06-26_Uruguay_Spain,2026,G,2026-06-26,5:00 PM MST,Uruguay,Spain,,,,,5.3,4.0,1.645161290322581,18.8679,25.0,60.7843,18.0292,23.8886,58.0822,Oddschecker best listed odds,current browsed odds on 2026-06-03; requested one-week date is 2026-06-04,https://www.oddschecker.com/us/soccer/world-cup,2026-06-11,2026-06-04,2026-06-03,False
2026_2026-06-26_Egypt_IRIran,2026,H,2026-06-26,8:00 PM MST,Egypt,IR Iran,,,,,2.3,3.1,3.6,43.4783,32.2581,27.7778,42.0023,31.163,26.8348,Oddschecker best listed odds,current browsed odds on 2026-06-03; requested one-week date is 2026-06-04,https://www.oddschecker.com/us/soccer/world-cup,2026-06-11,2026-06-04,2026-06-03,False
2026_2026-06-26_NewZealand_Belgium,2026,H,2026-06-26,8:00 PM MST,New Zealand,Belgium,,,,,10.5,6.0,1.277777777777778,9.5238,16.6667,78.2609,9.1179,15.9564,74.9257,Oddschecker best listed odds,current browsed odds on 2026-06-03; requested one-week date is 2026-06-04,https://www.oddschecker.com/us/soccer/world-cup,2026-06-11,2026-06-04,2026-06-03,False
2026_2026-06-27_Croatia_Ghana,2026,L,2026-06-27,2:00 PM MST,Croatia,Ghana,,,,,1.714285714285714,3.75,5.1,58.3333,26.6667,19.6078,55.7638,25.492,18.7441,Oddschecker best listed odds,current browsed odds on 2026-06-03; requested one-week date is 2026-06-04,https://www.oddschecker.com/us/soccer/world-cup,2026-06-11,2026-06-04,2026-06-03,False
2026_2026-06-27_Panama_England,2026,L,2026-06-27,2:00 PM MST,Panama,England,,,,,8.5,5.9,1.363636363636364,11.7647,16.9492,73.3333,11.5287,16.6091,71.8622,Oddschecker best listed odds,current browsed odds on 2026-06-03; requested one-week date is 2026-06-04,https://www.oddschecker.com/us/soccer/world-cup,2026-06-11,2026-06-04,2026-06-03,False
2026_2026-06-27_Colombia_Portugal,2026,K,2026-06-27,4:30 PM MST,Colombia,Portugal,,,,,3.5,3.4,2.15,28.5714,29.4118,46.5116,27.3424,28.1466,44.5109,Oddschecker best listed odds,current browsed odds on 2026-06-03; requested one-week date is 2026-06-04,https://www.oddschecker.com/us/soccer/world-cup,2026-06-11,2026-06-04,2026-06-03,False
2026_2026-06-27_CongoDR_Uzbekistan,2026,K,2026-06-27,4:30 PM MST,Congo DR,Uzbekistan,,,,,2.55,3.3,2.85,39.2157,30.303,35.0877,37.4888,28.9686,33.5426,Oddschecker best listed odds,current browsed odds on 2026-06-03; requested one-week date is 2026-06-04,https://www.oddschecker.com/us/soccer/world-cup,2026-06-11,2026-06-04,2026-06-03,False
2026_2026-06-27_Algeria_Austria,2026,J,2026-06-27,7:00 PM MST,Algeria,Austria,,,,,3.45,3.2,2.35,28.9855,31.25,42.5532,28.1991,30.4022,41.3987,Oddschecker best listed odds,current browsed odds on 2026-06-03; requested one-week date is 2026-06-04,https://www.oddschecker.com/us/soccer/world-cup,2026-06-11,2026-06-04,2026-06-03,False
2026_2026-06-27_Jordan_Argentina,2026,J,2026-06-27,7:00 PM MST,Jordan,Argentina,,,,,15.0,7.5,1.2,6.6667,13.3333,83.3333,6.4516,12.9032,80.6452,Oddschecker best listed odds,current browsed odds on 2026-06-03; requested one-week date is 2026-06-04,https://www.oddschecker.com/us/soccer/world-cup,2026-06-11,2026-06-04,2026-06-03,False
